frame,person_id,keypoint,x,y,confidence
0,0,nose,557.370849609375,635.5557861328125,0.9764444828033447
0,0,left_eye,556.905029296875,616.091064453125,0.48523467779159546
0,0,right_eye,538.6420288085938,620.564208984375,0.989928662776947
0,0,left_ear,517.7963256835938,622.4647216796875,0.04110247641801834
0,0,right_ear,483.10223388671875,636.97314453125,0.9829302430152893
0,0,left_shoulder,443.1387939453125,712.1187133789062,0.970017671585083
0,0,right_shoulder,465.0188903808594,726.8720703125,0.9946601986885071
0,0,left_elbow,556.0472412109375,775.4827880859375,0.7012234330177307
0,0,right_elbow,632.297119140625,792.9031372070312,0.9851517081260681
0,0,left_wrist,684.8699951171875,813.5684204101562,0.740333616733551
0,0,right_wrist,797.6239624023438,800.5406494140625,0.9690332412719727
0,0,left_hip,277.8878479003906,972.45263671875,0.9839619398117065
0,0,right_hip,286.3826904296875,984.4482421875,0.9933804273605347
0,0,left_knee,524.1817626953125,1014.2344970703125,0.9754694700241089
0,0,right_knee,537.5333862304688,1036.146240234375,0.9924079179763794
0,0,left_ankle,413.15655517578125,1234.260986328125,0.9354917407035828
0,0,right_ankle,400.5293884277344,1266.3978271484375,0.9627583622932434
1,0,nose,556.8175048828125,641.437255859375,0.9723954796791077
1,0,left_eye,555.1422119140625,622.338134765625,0.42456260323524475
1,0,right_eye,538.3451538085938,626.294921875,0.9886465668678284
1,0,left_ear,513.3493041992188,629.3623046875,0.034649498760700226
1,0,right_ear,481.9368591308594,642.9439697265625,0.9844865202903748
1,0,left_shoulder,441.583740234375,720.4677734375,0.9701635241508484
1,0,right_shoulder,460.8661804199219,734.2348022460938,0.9945617318153381
1,0,left_elbow,552.1937255859375,780.4487915039062,0.6990880966186523
1,0,right_elbow,626.2794799804688,796.90185546875,0.9849109649658203
1,0,left_wrist,673.1234741210938,820.1248168945312,0.7335565686225891
1,0,right_wrist,792.1306762695312,806.2035522460938,0.9685275554656982
1,0,left_hip,275.2459716796875,982.3201904296875,0.9830560684204102
1,0,right_hip,281.79876708984375,994.13671875,0.9929684996604919
1,0,left_knee,526.183837890625,1017.2490844726562,0.9719824194908142
1,0,right_knee,536.9606323242188,1039.3790283203125,0.9913043975830078
1,0,left_ankle,409.547119140625,1237.3101806640625,0.924895703792572
1,0,right_ankle,398.0262145996094,1269.74365234375,0.9560202360153198
2,0,nose,556.8065185546875,641.1422729492188,0.9720640182495117
2,0,left_eye,555.0614624023438,622.0306396484375,0.42202526330947876
2,0,right_eye,538.3154296875,626.0447387695312,0.98850017786026
2,0,left_ear,513.1577758789062,629.1016845703125,0.034762848168611526
2,0,right_ear,481.97528076171875,642.8782958984375,0.9844173192977905
2,0,left_shoulder,441.4325256347656,720.4154663085938,0.9700441360473633
2,0,right_shoulder,461.0107727050781,734.291259765625,0.994559109210968
2,0,left_elbow,552.1318359375,780.4962158203125,0.6985169053077698
2,0,right_elbow,626.2627563476562,797.016845703125,0.9849240779876709
2,0,left_wrist,672.8821411132812,820.072021484375,0.7332658171653748
2,0,right_wrist,792.0431518554688,806.2855224609375,0.9685362577438354
2,0,left_hip,274.7429504394531,982.275390625,0.9829913973808289
2,0,right_hip,281.5458068847656,994.1067504882812,0.9929551482200623
2,0,left_knee,525.6222534179688,1017.2080688476562,0.971864640712738
2,0,right_knee,536.8746337890625,1039.3709716796875,0.9912841320037842
2,0,left_ankle,409.17584228515625,1237.2779541015625,0.9245480298995972
2,0,right_ankle,398.10882568359375,1269.9066162109375,0.955878496170044
3,0,nose,555.0630493164062,645.8919677734375,0.9745011329650879
3,0,left_eye,552.6212768554688,626.4457397460938,0.4554170072078705
3,0,right_eye,536.7587280273438,630.6005249023438,0.989553689956665
3,0,left_ear,508.9921569824219,632.8035278320312,0.04194493964314461
3,0,right_ear,481.7401428222656,647.4368286132812,0.9863835573196411
3,0,left_shoulder,436.5721740722656,725.8275146484375,0.972841739654541
3,0,right_shoulder,463.99481201171875,740.2366943359375,0.994657039642334
3,0,left_elbow,543.0714111328125,784.6871337890625,0.6856316328048706
3,0,right_elbow,628.9640502929688,801.7446899414062,0.9824119210243225
3,0,left_wrist,658.8727416992188,823.3272094726562,0.7054281830787659
3,0,right_wrist,788.7854614257812,812.1322631835938,0.9620481729507446
3,0,left_hip,268.6575927734375,987.654052734375,0.980692446231842
3,0,right_hip,280.5472106933594,999.3599243164062,0.9916952252388
3,0,left_knee,522.583251953125,1015.421142578125,0.968698263168335
3,0,right_knee,536.6854858398438,1037.45263671875,0.9899835586547852
3,0,left_ankle,404.916748046875,1237.2630615234375,0.9206768274307251
3,0,right_ankle,395.5157775878906,1270.6884765625,0.9525251388549805
4,0,nose,555.0768432617188,645.8630981445312,0.9744057059288025
4,0,left_eye,552.6314697265625,626.4022827148438,0.45397552847862244
4,0,right_eye,536.7813110351562,630.5499267578125,0.9895169138908386
4,0,left_ear,509.02825927734375,632.7671508789062,0.04169211536645889
4,0,right_ear,481.77972412109375,647.3595581054688,0.9863729476928711
4,0,left_shoulder,436.70355224609375,725.9273681640625,0.9727767705917358
4,0,right_shoulder,463.9471740722656,740.1717529296875,0.9946337938308716
4,0,left_elbow,543.335693359375,784.8538818359375,0.6855387091636658
4,0,right_elbow,628.8597412109375,801.7175903320312,0.9823789000511169
4,0,left_wrist,659.114013671875,823.2167358398438,0.705671489238739
4,0,right_wrist,788.8299560546875,812.2050170898438,0.9620527029037476
4,0,left_hip,268.5627746582031,987.6630249023438,0.9805742502212524
4,0,right_hip,280.36590576171875,999.2997436523438,0.9916390776634216
4,0,left_knee,522.4346313476562,1015.5676879882812,0.9684358835220337
4,0,right_knee,536.7295532226562,1037.51708984375,0.9898930191993713
4,0,left_ankle,404.71112060546875,1237.474853515625,0.9198549389839172
4,0,right_ankle,395.676025390625,1270.931640625,0.9519885778427124
5,0,nose,554.65576171875,650.5098266601562,0.9744746088981628
5,0,left_eye,551.5278930664062,631.0823364257812,0.4469148516654968
5,0,right_eye,536.76513671875,635.2642822265625,0.9892985820770264
5,0,left_ear,506.5553894042969,637.0759887695312,0.041814908385276794
5,0,right_ear,482.195556640625,651.9490356445312,0.986501157283783
5,0,left_shoulder,435.24920654296875,729.23486328125,0.9751313328742981
5,0,right_shoulder,464.84393310546875,745.4638671875,0.9949949979782104
5,0,left_elbow,551.67138671875,783.2088623046875,0.7114653587341309
5,0,right_elbow,631.4231567382812,805.2409057617188,0.9840116500854492
5,0,left_wrist,677.4573364257812,820.5573120117188,0.7339666485786438
5,0,right_wrist,792.0016479492188,812.4669189453125,0.9658949375152588
5,0,left_hip,267.1769714355469,993.039306640625,0.9817642569541931
5,0,right_hip,280.80364990234375,1005.5300903320312,0.9920530319213867
5,0,left_knee,522.9746704101562,1012.1973876953125,0.9692217111587524
5,0,right_knee,538.6113891601562,1035.22607421875,0.9900733232498169
5,0,left_ankle,404.64202880859375,1235.11865234375,0.9195769429206848
5,0,right_ankle,395.7171630859375,1268.3470458984375,0.9515292644500732
6,0,nose,554.6715087890625,650.4900512695312,0.9744898080825806
6,0,left_eye,551.5493774414062,631.0947875976562,0.44679737091064453
6,0,right_eye,536.8046875,635.2465209960938,0.9893117547035217
6,0,left_ear,506.6076354980469,637.1295166015625,0.04175155609846115
6,0,right_ear,482.23614501953125,651.9078979492188,0.98653244972229
6,0,left_shoulder,435.37371826171875,729.2938842773438,0.9751793742179871
6,0,right_shoulder,464.72381591796875,745.4007568359375,0.9950124621391296
6,0,left_elbow,552.1854858398438,783.2330932617188,0.7121014595031738
6,0,right_elbow,631.36865234375,805.173828125,0.9840710163116455
6,0,left_wrist,678.2137451171875,820.4520874023438,0.7347387671470642
6,0,right_wrist,792.024658203125,812.4736328125,0.9660151600837708
6,0,left_hip,267.3970031738281,992.9307861328125,0.9818589091300964
6,0,right_hip,280.8346862792969,1005.3817138671875,0.9920976161956787
6,0,left_knee,523.1865234375,1012.1907348632812,0.9694013595581055
6,0,right_knee,538.4043579101562,1035.138671875,0.990132212638855
6,0,left_ankle,405.5658874511719,1235.1234130859375,0.9199495911598206
6,0,right_ankle,396.03948974609375,1268.2357177734375,0.9517573118209839
7,0,nose,552.3038330078125,656.9088134765625,0.9818167686462402
7,0,left_eye,551.0553588867188,636.5601196289062,0.5448864698410034
7,0,right_eye,533.84619140625,640.3711547851562,0.9925234913825989
7,0,left_ear,510.10028076171875,641.4344482421875,0.04317346215248108
7,0,right_ear,478.438720703125,654.6342163085938,0.9865206480026245
7,0,left_shoulder,437.0404968261719,734.379150390625,0.972393810749054
7,0,right_shoulder,462.05572509765625,749.6622924804688,0.9938670992851257
7,0,left_elbow,562.5284423828125,787.3668212890625,0.677374541759491
7,0,right_elbow,631.712646484375,810.0699462890625,0.9792556166648865
7,0,left_wrist,697.4248046875,826.4727783203125,0.7117615938186646
7,0,right_wrist,793.68994140625,816.1964721679688,0.9594739675521851
7,0,left_hip,267.3555603027344,998.6209716796875,0.9747713208198547
7,0,right_hip,278.4393005371094,1011.0131225585938,0.9884430766105652
7,0,left_knee,529.6317138671875,1010.0967407226562,0.9619355201721191
7,0,right_knee,544.562255859375,1032.5306396484375,0.9872437119483948
7,0,left_ankle,409.1206970214844,1237.6395263671875,0.9108446836471558
7,0,right_ankle,400.594482421875,1268.1767578125,0.9447658658027649
8,0,nose,552.2855224609375,656.87744140625,0.9818061590194702
8,0,left_eye,551.02587890625,636.54541015625,0.5441756248474121
8,0,right_eye,533.8221435546875,640.35400390625,0.9925181865692139
8,0,left_ear,510.0960998535156,641.44140625,0.04297243431210518
8,0,right_ear,478.39813232421875,654.6184692382812,0.9865294694900513
8,0,left_shoulder,437.1310729980469,734.3656616210938,0.9724659323692322
8,0,right_shoulder,461.9093933105469,749.5653686523438,0.9938836693763733
8,0,left_elbow,562.6389770507812,787.4080810546875,0.6783928275108337
8,0,right_elbow,631.5567626953125,810.0114135742188,0.9793574810028076
8,0,left_wrist,697.49658203125,826.4387817382812,0.7127445936203003
8,0,right_wrist,793.5986938476562,816.2219848632812,0.9596753716468811
8,0,left_hip,267.4450378417969,998.6435546875,0.974932074546814
8,0,right_hip,278.3786926269531,1011.0057373046875,0.9885191321372986
8,0,left_knee,529.6240844726562,1010.0238647460938,0.9621500372886658
8,0,right_knee,544.4426879882812,1032.42822265625,0.9873184561729431
8,0,left_ankle,409.0863952636719,1237.536376953125,0.9112095832824707
8,0,right_ankle,400.57073974609375,1268.09130859375,0.9449964761734009
9,0,nose,551.2305908203125,659.0132446289062,0.9829714894294739
9,0,left_eye,550.075439453125,639.2523193359375,0.5643295049667358
9,0,right_eye,532.0174560546875,642.7657470703125,0.9930144548416138
9,0,left_ear,510.80712890625,646.1791381835938,0.04295739531517029
9,0,right_ear,476.2953796386719,658.8108520507812,0.9868987798690796
9,0,left_shoulder,440.66693115234375,740.5614624023438,0.9728423953056335
9,0,right_shoulder,459.12884521484375,754.5799560546875,0.9935898780822754
9,0,left_elbow,566.5704956054688,796.1271362304688,0.6746290326118469
9,0,right_elbow,631.7576293945312,817.2111206054688,0.9775057435035706
9,0,left_wrist,698.1981811523438,830.2000732421875,0.704386293888092
9,0,right_wrist,795.927734375,818.7544555664062,0.9562650918960571
9,0,left_hip,271.00506591796875,1003.6438598632812,0.9730642437934875
9,0,right_hip,277.8213806152344,1015.5454711914062,0.9873085618019104
9,0,left_knee,531.8613891601562,1011.1599731445312,0.9593209028244019
9,0,right_knee,543.7890625,1033.1475830078125,0.985977292060852
9,0,left_ankle,410.06341552734375,1237.5914306640625,0.9065206050872803
9,0,right_ankle,402.4772033691406,1267.7100830078125,0.9408665299415588
10,0,nose,551.39208984375,659.027587890625,0.9830973148345947
10,0,left_eye,550.2670288085938,639.3158569335938,0.5662196278572083
10,0,right_eye,532.13623046875,642.8184814453125,0.9930635094642639
10,0,left_ear,511.061279296875,646.3574829101562,0.04299546405673027
10,0,right_ear,476.38525390625,658.9815673828125,0.9868937730789185
10,0,left_shoulder,440.7044982910156,740.6490478515625,0.9728764891624451
10,0,right_shoulder,459.27020263671875,754.5748291015625,0.993587851524353
10,0,left_elbow,566.5875244140625,796.3666381835938,0.6752815246582031
10,0,right_elbow,631.8583984375,817.2367553710938,0.9775236248970032
10,0,left_wrist,697.9613037109375,830.3715209960938,0.7052016854286194
10,0,right_wrist,795.9384155273438,818.6845703125,0.9563625454902649
10,0,left_hip,270.7286682128906,1003.6766357421875,0.973136842250824
10,0,right_hip,277.637451171875,1015.5316162109375,0.9873294830322266
10,0,left_knee,531.81396484375,1010.970947265625,0.9595553874969482
10,0,right_knee,544.005126953125,1032.8646240234375,0.9860506653785706
10,0,left_ankle,410.03179931640625,1237.595703125,0.907158374786377
10,0,right_ankle,402.5553894042969,1267.6156005859375,0.9412652850151062
11,0,nose,551.2015380859375,661.3399047851562,0.9836174249649048
11,0,left_eye,548.5927734375,642.7342529296875,0.5548246502876282
11,0,right_eye,530.7794189453125,646.4180908203125,0.9935686588287354
11,0,left_ear,508.73699951171875,652.8316650390625,0.03673379495739937
11,0,right_ear,473.4675598144531,666.198486328125,0.9886804819107056
11,0,left_shoulder,445.4413146972656,749.7921142578125,0.9745340943336487
11,0,right_shoulder,453.34088134765625,760.912353515625,0.9935047626495361
11,0,left_elbow,581.9595336914062,804.9320068359375,0.6745089292526245
11,0,right_elbow,624.228271484375,822.5800170898438,0.9763944745063782
11,0,left_wrist,726.2471313476562,834.7343139648438,0.6991997361183167
11,0,right_wrist,793.2275390625,825.4336547851562,0.9541709423065186
11,0,left_hip,273.3238525390625,1007.9459838867188,0.9723643660545349
11,0,right_hip,274.9208679199219,1018.9954223632812,0.9866769313812256
11,0,left_knee,533.2060546875,1010.5785522460938,0.9576550126075745
11,0,right_knee,544.491943359375,1032.32861328125,0.9852250218391418
11,0,left_ankle,405.4527893066406,1236.039306640625,0.9026138782501221
11,0,right_ankle,403.8124694824219,1269.4832763671875,0.9372108578681946
12,0,nose,551.2009887695312,661.3335571289062,0.9836044907569885
12,0,left_eye,548.5609741210938,642.7164916992188,0.554711103439331
12,0,right_eye,530.7936401367188,646.42236328125,0.993571400642395
12,0,left_ear,508.5819091796875,652.7651977539062,0.036787666380405426
12,0,right_ear,473.46630859375,666.2074584960938,0.9886915683746338
12,0,left_shoulder,445.13568115234375,749.6759643554688,0.9744835495948792
12,0,right_shoulder,453.41510009765625,760.9236450195312,0.993490993976593
12,0,left_elbow,581.5579833984375,804.7936401367188,0.6735272407531738
12,0,right_elbow,624.2552490234375,822.5731811523438,0.9762964844703674
12,0,left_wrist,725.8483276367188,834.7147827148438,0.6981174945831299
12,0,right_wrist,793.3035888671875,825.4382934570312,0.9539614915847778
12,0,left_hip,273.08709716796875,1007.85302734375,0.972257673740387
12,0,right_hip,274.9344177246094,1018.9598999023438,0.9866225123405457
12,0,left_knee,533.1250610351562,1010.4590454101562,0.9575859308242798
12,0,right_knee,544.6234130859375,1032.260498046875,0.9851990342140198
12,0,left_ankle,405.37646484375,1235.9637451171875,0.9026578664779663
12,0,right_ankle,403.7841796875,1269.436279296875,0.9372351765632629
13,0,nose,549.300537109375,663.3939819335938,0.9783720374107361
13,0,left_eye,545.4481201171875,645.9522094726562,0.4721279442310333
13,0,right_eye,528.6646728515625,649.6461791992188,0.9914719462394714
13,0,left_ear,505.44024658203125,658.54638671875,0.03187381476163864
13,0,right_ear,472.181640625,671.9742431640625,0.9885721206665039
13,0,left_shoulder,448.6297302246094,755.7052612304688,0.9760357737541199
13,0,right_shoulder,449.0401306152344,763.6400146484375,0.9940274953842163
13,0,left_elbow,582.3573608398438,814.0917358398438,0.7046568989753723
13,0,right_elbow,618.6085815429688,826.171142578125,0.9800333380699158
13,0,left_wrist,721.275634765625,838.3895263671875,0.72220778465271
13,0,right_wrist,790.3946533203125,831.0096435546875,0.9598639607429504
13,0,left_hip,278.6355895996094,1008.4959716796875,0.9771073460578918
13,0,right_hip,275.0427551269531,1018.561767578125,0.9891662001609802
13,0,left_knee,537.4892578125,1009.2158813476562,0.9614500999450684
13,0,right_knee,541.9994506835938,1030.2159423828125,0.9867615699768066
13,0,left_ankle,411.1761169433594,1229.04443359375,0.9047355055809021
13,0,right_ankle,405.3914489746094,1265.046630859375,0.9391046762466431
14,0,nose,549.3616943359375,663.3721313476562,0.978521466255188
14,0,left_eye,545.4898681640625,645.946533203125,0.47380343079566956
14,0,right_eye,528.7048950195312,649.64697265625,0.9915173053741455
14,0,left_ear,505.4885559082031,658.5568237304688,0.03200551122426987
14,0,right_ear,472.18231201171875,672.0126953125,0.9886232018470764
14,0,left_shoulder,448.7104187011719,755.7301025390625,0.9762469530105591
14,0,right_shoulder,449.0163879394531,763.6287231445312,0.9940493106842041
14,0,left_elbow,582.2568359375,813.939208984375,0.7064020037651062
14,0,right_elbow,618.64892578125,825.942626953125,0.980048418045044
14,0,left_wrist,720.6685180664062,837.9918212890625,0.7235572338104248
14,0,right_wrist,790.4888305664062,830.8377075195312,0.9599047899246216
14,0,left_hip,278.70037841796875,1008.4078369140625,0.9772152304649353
14,0,right_hip,275.0049133300781,1018.4371948242188,0.9891864657402039
14,0,left_knee,537.1918334960938,1009.5115966796875,0.9614492058753967
14,0,right_knee,541.5731811523438,1030.45849609375,0.9867159128189087
14,0,left_ankle,411.1877746582031,1229.0933837890625,0.9043598771095276
14,0,right_ankle,405.2803955078125,1265.1026611328125,0.9387109279632568
15,0,nose,548.8856201171875,663.8316650390625,0.976040244102478
15,0,left_eye,544.5637817382812,647.02783203125,0.44096311926841736
15,0,right_eye,528.1883544921875,650.0289306640625,0.990452766418457
15,0,left_ear,504.75537109375,661.2191772460938,0.030063170939683914
15,0,right_ear,472.22705078125,673.1044921875,0.9885700345039368
15,0,left_shoulder,451.571044921875,759.8674926757812,0.9766198396682739
15,0,right_shoulder,449.452880859375,765.0499877929688,0.9941940903663635
15,0,left_elbow,582.6856689453125,819.6602172851562,0.711909294128418
15,0,right_elbow,621.4466552734375,827.200439453125,0.9810206890106201
15,0,left_wrist,716.76904296875,841.2344360351562,0.7242725491523743
15,0,right_wrist,793.0994262695312,831.6508178710938,0.9609478712081909
15,0,left_hip,283.72540283203125,1012.66357421875,0.9780564308166504
15,0,right_hip,277.9875183105469,1021.4325561523438,0.989700436592102
15,0,left_knee,538.2954711914062,1009.3665771484375,0.9615696668624878
15,0,right_knee,540.281005859375,1028.952392578125,0.9868584871292114
15,0,left_ankle,409.4502868652344,1227.9923095703125,0.9032526612281799
15,0,right_ankle,403.2042541503906,1262.9971923828125,0.9382340312004089
16,0,nose,548.8748779296875,664.0487060546875,0.9758805632591248
16,0,left_eye,544.4973754882812,647.1885375976562,0.4380512535572052
16,0,right_eye,528.25048828125,650.200439453125,0.9904162883758545
16,0,left_ear,504.48388671875,661.2020874023438,0.029788492247462273
16,0,right_ear,472.2633361816406,673.0828857421875,0.9886199235916138
16,0,left_shoulder,451.2598876953125,759.7971801757812,0.9765783548355103
16,0,right_shoulder,449.504638671875,765.0795288085938,0.9941912293434143
16,0,left_elbow,582.599609375,819.4544067382812,0.7111030220985413
16,0,right_elbow,621.6388549804688,827.167236328125,0.9810091257095337
16,0,left_wrist,716.9014892578125,841.20556640625,0.7233895659446716
16,0,right_wrist,793.2422485351562,831.6723022460938,0.9608854651451111
16,0,left_hip,283.6324462890625,1012.7352905273438,0.9780130982398987
16,0,right_hip,278.10137939453125,1021.5494384765625,0.9896882176399231
16,0,left_knee,538.3303833007812,1009.2926635742188,0.9615179896354675
16,0,right_knee,540.3056640625,1028.9268798828125,0.9868501424789429
16,0,left_ankle,409.4951477050781,1227.9739990234375,0.9031801223754883
16,0,right_ankle,403.0715637207031,1262.9434814453125,0.9381840229034424
17,0,nose,548.270263671875,666.302734375,0.9486444592475891
17,0,left_eye,539.76904296875,647.9337768554688,0.3271942734718323
17,0,right_eye,528.1055908203125,651.4478149414062,0.970365047454834
17,0,left_ear,486.9742736816406,658.1669921875,0.03862573951482773
17,0,right_ear,468.0404968261719,672.3087768554688,0.9729411602020264
17,0,left_shoulder,443.24407958984375,753.2353515625,0.9704207181930542
17,0,right_shoulder,454.69268798828125,763.5293579101562,0.9914870262145996
17,0,left_elbow,566.918701171875,811.6578369140625,0.7502389550209045
17,0,right_elbow,617.35986328125,827.6118774414062,0.9805159568786621
17,0,left_wrist,717.3967895507812,849.8495483398438,0.765666127204895
17,0,right_wrist,792.529296875,834.80615234375,0.9648478031158447
17,0,left_hip,313.2868957519531,1003.4421997070312,0.9695609211921692
17,0,right_hip,316.45263671875,1014.93310546875,0.9860051274299622
17,0,left_knee,514.8257446289062,1011.5523071289062,0.9234031438827515
17,0,right_knee,516.0785522460938,1037.875244140625,0.9725664258003235
17,0,left_ankle,387.52197265625,1225.6055908203125,0.7704012393951416
17,0,right_ankle,391.0317077636719,1271.737060546875,0.8471226096153259
18,0,nose,548.1370849609375,666.5903930664062,0.9493302702903748
18,0,left_eye,539.6658935546875,648.2305297851562,0.32915064692497253
18,0,right_eye,527.9706420898438,651.6852416992188,0.9707896709442139
18,0,left_ear,487.1036376953125,658.4824829101562,0.0381661057472229
18,0,right_ear,467.9209899902344,672.3942260742188,0.9730499386787415
18,0,left_shoulder,443.6978454589844,753.5272827148438,0.9704568982124329
18,0,right_shoulder,454.5177917480469,763.525146484375,0.9914734363555908
18,0,left_elbow,568.402099609375,811.7242431640625,0.7506885528564453
18,0,right_elbow,617.4635009765625,827.5772705078125,0.9805448055267334
18,0,left_wrist,719.302978515625,849.3612670898438,0.7667105793952942
18,0,right_wrist,792.522216796875,834.796875,0.9650301933288574
18,0,left_hip,313.7125244140625,1003.8506469726562,0.9695150852203369
18,0,right_hip,316.5022277832031,1015.2093505859375,0.9859744906425476
18,0,left_knee,515.0633544921875,1011.3167724609375,0.9235612750053406
18,0,right_knee,516.1197509765625,1037.4339599609375,0.972614586353302
18,0,left_ankle,387.7366027832031,1225.9189453125,0.7709444761276245
18,0,right_ankle,391.2540283203125,1271.791015625,0.8474088907241821
19,0,nose,548.3764038085938,667.6395263671875,0.979089617729187
19,0,left_eye,544.1952514648438,649.880126953125,0.5067674517631531
19,0,right_eye,527.4666748046875,653.6366577148438,0.9913555979728699
19,0,left_ear,503.55804443359375,661.524658203125,0.03944219648838043
19,0,right_ear,471.7333068847656,676.2383422851562,0.9873449206352234
19,0,left_shoulder,443.7644958496094,758.6620483398438,0.9753495454788208
19,0,right_shoulder,454.8841552734375,770.084716796875,0.9938204884529114
19,0,left_elbow,565.7747192382812,816.3848876953125,0.6949228048324585
19,0,right_elbow,627.6141967773438,830.2903442382812,0.9785528182983398
19,0,left_wrist,694.33154296875,849.1475219726562,0.7078121900558472
19,0,right_wrist,794.7677612304688,835.1942749023438,0.9566736221313477
19,0,left_hip,278.32025146484375,1018.021728515625,0.9748231768608093
19,0,right_hip,280.33880615234375,1029.163330078125,0.9879449605941772
19,0,left_knee,538.2177734375,1004.68701171875,0.9589722752571106
19,0,right_knee,542.8705444335938,1026.9307861328125,0.9857094287872314
19,0,left_ankle,407.83843994140625,1222.64404296875,0.9065670371055603
19,0,right_ankle,398.20196533203125,1257.98828125,0.9404324889183044
20,0,nose,548.3578491210938,667.6253051757812,0.9791512489318848
20,0,left_eye,544.172607421875,649.8842163085938,0.5077277421951294
20,0,right_eye,527.445068359375,653.6367797851562,0.9913781881332397
20,0,left_ear,503.5606689453125,661.5294799804688,0.03963904827833176
20,0,right_ear,471.7035217285156,676.2276611328125,0.9873948097229004
20,0,left_shoulder,443.9607849121094,758.683837890625,0.9754828214645386
20,0,right_shoulder,454.8574523925781,770.09765625,0.9938643574714661
20,0,left_elbow,566.1133422851562,816.2453002929688,0.6952047944068909
20,0,right_elbow,627.5712890625,830.1253051757812,0.9786272644996643
20,0,left_wrist,695.2384033203125,849.3372192382812,0.7076319456100464
20,0,right_wrist,794.8566284179688,835.2120971679688,0.9566928148269653
20,0,left_hip,278.7651672363281,1017.7090454101562,0.975009560585022
20,0,right_hip,280.6416931152344,1028.843994140625,0.9880479574203491
20,0,left_knee,538.1473999023438,1005.0330200195312,0.9591550827026367
20,0,right_knee,542.5767822265625,1027.3150634765625,0.985784113407135
20,0,left_ankle,407.72418212890625,1222.558837890625,0.9067932367324829
20,0,right_ankle,397.9224853515625,1257.951416015625,0.9406108260154724
21,0,nose,549.6780395507812,671.7103881835938,0.9516600370407104
21,0,left_eye,542.0608520507812,653.1033935546875,0.3417586386203766
21,0,right_eye,530.1577758789062,656.16748046875,0.9719566702842712
21,0,left_ear,489.3719482421875,661.671142578125,0.03906744346022606
21,0,right_ear,469.08599853515625,674.6259155273438,0.9719024896621704
21,0,left_shoulder,441.9537048339844,755.256103515625,0.9710631966590881
21,0,right_shoulder,450.6109313964844,765.9524536132812,0.9919223785400391
21,0,left_elbow,561.85302734375,815.6742553710938,0.7634565830230713
21,0,right_elbow,609.8492431640625,831.3590087890625,0.9820029735565186
21,0,left_wrist,713.6793212890625,861.8079833984375,0.7856181859970093
21,0,right_wrist,790.5592041015625,837.9133911132812,0.9687032699584961
21,0,left_hip,311.5089416503906,1005.8193359375,0.9722548723220825
21,0,right_hip,312.4210510253906,1018.3645629882812,0.9872423410415649
21,0,left_knee,522.2149047851562,1002.6053466796875,0.9346246123313904
21,0,right_knee,517.286865234375,1030.2491455078125,0.9767606258392334
21,0,left_ankle,395.1659240722656,1217.5352783203125,0.806427001953125
21,0,right_ankle,393.1387939453125,1262.429443359375,0.8735026717185974
22,0,nose,549.675048828125,671.7372436523438,0.9515287280082703
22,0,left_eye,542.0471801757812,653.129150390625,0.3408774137496948
22,0,right_eye,530.1592407226562,656.2074584960938,0.9718897938728333
22,0,left_ear,489.3428955078125,661.6809692382812,0.03898647800087929
22,0,right_ear,469.1085205078125,674.6743774414062,0.9718664884567261
22,0,left_shoulder,441.90625,755.21435546875,0.9710545539855957
22,0,right_shoulder,450.7491149902344,766.0021362304688,0.9919330477714539
22,0,left_elbow,561.867431640625,815.571044921875,0.7634589076042175
22,0,right_elbow,610.1176147460938,831.4114990234375,0.9820572137832642
22,0,left_wrist,713.8859252929688,861.6760864257812,0.7855496406555176
22,0,right_wrist,790.652099609375,837.9225463867188,0.9687554240226746
22,0,left_hip,311.4935302734375,1005.9017944335938,0.972364068031311
22,0,right_hip,312.51214599609375,1018.47509765625,0.9873049855232239
22,0,left_knee,522.3833618164062,1002.6517333984375,0.934841513633728
22,0,right_knee,517.4886474609375,1030.328369140625,0.9768692851066589
22,0,left_ankle,395.1227722167969,1217.3402099609375,0.8070568442344666
22,0,right_ankle,393.0089416503906,1262.2548828125,0.8740423321723938
23,0,nose,550.0505981445312,672.62060546875,0.9531408548355103
23,0,left_eye,542.5167846679688,654.4391479492188,0.3420391082763672
23,0,right_eye,530.6567993164062,657.1174926757812,0.9724068641662598
23,0,left_ear,492.1296081542969,663.8007202148438,0.03636930137872696
23,0,right_ear,470.6204833984375,675.3310546875,0.9710738658905029
23,0,left_shoulder,448.6242370605469,757.6956787109375,0.9719901084899902
23,0,right_shoulder,450.8577575683594,766.5253295898438,0.9922959208488464
23,0,left_elbow,578.5005493164062,815.6821899414062,0.781110942363739
23,0,right_elbow,610.3694458007812,832.3056030273438,0.9841392636299133
23,0,left_wrist,740.7306518554688,856.6846923828125,0.809503436088562
23,0,right_wrist,792.9129028320312,840.0880737304688,0.973124086856842
23,0,left_hip,317.8663024902344,1007.0776977539062,0.9745503664016724
23,0,right_hip,314.8970947265625,1019.0104370117188,0.9884059429168701
23,0,left_knee,528.6398315429688,1000.7182006835938,0.9388113617897034
23,0,right_knee,520.705078125,1027.43798828125,0.9785311222076416
23,0,left_ankle,401.3573913574219,1214.268310546875,0.8125595450401306
23,0,right_ankle,396.6611022949219,1258.525390625,0.8786007165908813
24,0,nose,549.9921264648438,672.6400756835938,0.9529696702957153
24,0,left_eye,542.47412109375,654.4486694335938,0.34148576855659485
24,0,right_eye,530.6491088867188,657.1050415039062,0.9723419547080994
24,0,left_ear,491.9503173828125,663.7935180664062,0.036431413143873215
24,0,right_ear,470.6348571777344,675.3060302734375,0.9709983468055725
24,0,left_shoulder,448.1234436035156,757.6664428710938,0.9718039631843567
24,0,right_shoulder,450.99725341796875,766.546875,0.992249608039856
24,0,left_elbow,577.7538452148438,815.820556640625,0.7796273827552795
24,0,right_elbow,610.49951171875,832.4246215820312,0.9840214848518372
24,0,left_wrist,739.80322265625,857.0065307617188,0.8082085847854614
24,0,right_wrist,792.7892456054688,840.146728515625,0.972929060459137
24,0,left_hip,317.25750732421875,1007.056396484375,0.9743230938911438
24,0,right_hip,314.7001953125,1019.0025634765625,0.9883043766021729
24,0,left_knee,528.5787963867188,1000.1881103515625,0.938711941242218
24,0,right_knee,520.9447021484375,1026.8731689453125,0.9785109758377075
24,0,left_ankle,401.3090515136719,1214.1939697265625,0.8131940960884094
24,0,right_ankle,396.6836853027344,1258.306640625,0.8791128993034363
25,0,nose,549.762939453125,673.8313598632812,0.9512225389480591
25,0,left_eye,542.1547241210938,656.1498413085938,0.3256015479564667
25,0,right_eye,530.2869873046875,658.3186645507812,0.9707343578338623
25,0,left_ear,492.54833984375,666.8842163085938,0.03243113309144974
25,0,right_ear,470.0371398925781,676.9659423828125,0.9696483016014099
25,0,left_shoulder,451.10113525390625,761.4227294921875,0.9719511270523071
25,0,right_shoulder,448.3255920410156,767.8112182617188,0.9922156929969788
25,0,left_elbow,579.560791015625,821.5257568359375,0.7956693768501282
25,0,right_elbow,606.3352661132812,835.4005126953125,0.9852576851844788
25,0,left_wrist,738.8529663085938,857.2566528320312,0.827339768409729
25,0,right_wrist,790.1817016601562,840.5894775390625,0.9759783148765564
25,0,left_hip,321.43927001953125,1010.7703857421875,0.975547730922699
25,0,right_hip,315.1750793457031,1021.991943359375,0.9888305068016052
25,0,left_knee,531.1862182617188,999.2960815429688,0.9400149583816528
25,0,right_knee,521.0529174804688,1025.1512451171875,0.9788599014282227
25,0,left_ankle,402.0092468261719,1213.363037109375,0.8106391429901123
25,0,right_ankle,397.45574951171875,1257.0322265625,0.876824676990509
26,0,nose,549.774169921875,673.7871704101562,0.9514166116714478
26,0,left_eye,542.1729125976562,656.1083984375,0.32702359557151794
26,0,right_eye,530.2904663085938,658.28857421875,0.9708583354949951
26,0,left_ear,492.586181640625,666.8265991210938,0.03264901414513588
26,0,right_ear,470.05877685546875,676.9395751953125,0.9697355031967163
26,0,left_shoulder,451.1553955078125,761.3326416015625,0.9720039367675781
26,0,right_shoulder,448.4147644042969,767.784423828125,0.9922343492507935
26,0,left_elbow,579.7332153320312,821.3558959960938,0.7952621579170227
26,0,right_elbow,606.369873046875,835.3574829101562,0.9852228164672852
26,0,left_wrist,739.1920776367188,857.216064453125,0.8267185091972351
26,0,right_wrist,790.128173828125,840.6469116210938,0.9758734107017517
26,0,left_hip,321.5745544433594,1010.5872192382812,0.9755393266677856
26,0,right_hip,315.3659362792969,1021.8204956054688,0.9888294339179993
26,0,left_knee,531.0249633789062,999.3555297851562,0.9400368928909302
26,0,right_knee,521.0213012695312,1025.22216796875,0.9788689017295837
26,0,left_ankle,401.9917907714844,1213.28759765625,0.8108908534049988
26,0,right_ankle,397.5880126953125,1256.957275390625,0.8770167231559753
27,0,nose,549.510986328125,674.2821655273438,0.9514061808586121
27,0,left_eye,541.9043579101562,656.7451782226562,0.32657521963119507
27,0,right_eye,529.6806030273438,659.0208740234375,0.9710713028907776
27,0,left_ear,492.6869812011719,668.2833251953125,0.03140540421009064
27,0,right_ear,469.2448425292969,678.7210693359375,0.969369113445282
27,0,left_shoulder,451.7552490234375,762.8623046875,0.9706934094429016
27,0,right_shoulder,448.409912109375,769.2600708007812,0.9916839599609375
27,0,left_elbow,580.571044921875,823.8673706054688,0.7869743704795837
27,0,right_elbow,607.0084838867188,837.5667724609375,0.9842234253883362
27,0,left_wrist,737.0835571289062,858.0079345703125,0.8198032379150391
27,0,right_wrist,791.3236694335938,841.0476684570312,0.9745486974716187
27,0,left_hip,321.1551818847656,1010.6954345703125,0.9734640121459961
27,0,right_hip,314.9328918457031,1021.7404174804688,0.9877915382385254
27,0,left_knee,529.396728515625,999.2859497070312,0.9361737966537476
27,0,right_knee,522.5887451171875,1024.8424072265625,0.9773460626602173
27,0,left_ankle,398.25152587890625,1214.6038818359375,0.8024687767028809
27,0,right_ankle,398.6183776855469,1258.135009765625,0.870566189289093
28,0,nose,549.5074462890625,674.2877807617188,0.9509508013725281
28,0,left_eye,541.8380737304688,656.7120971679688,0.3246913552284241
28,0,right_eye,529.7081298828125,659.0387573242188,0.9708399772644043
28,0,left_ear,492.4527587890625,668.149169921875,0.0314348042011261
28,0,right_ear,469.3116760253906,678.72265625,0.9693695306777954
28,0,left_shoulder,451.4736633300781,762.71826171875,0.970551073551178
28,0,right_shoulder,448.6289978027344,769.265625,0.9916468262672424
28,0,left_elbow,580.02587890625,823.7322998046875,0.7855561971664429
28,0,right_elbow,607.1885986328125,837.5084838867188,0.9841048121452332
28,0,left_wrist,736.26171875,858.0513916015625,0.8181443214416504
28,0,right_wrist,791.3245849609375,841.1019287109375,0.9742927551269531
28,0,left_hip,321.0128479003906,1010.5828857421875,0.9732635021209717
28,0,right_hip,315.1038513183594,1021.670166015625,0.9877031445503235
28,0,left_knee,529.1581420898438,999.34912109375,0.9357234239578247
28,0,right_knee,522.55224609375,1024.9615478515625,0.9771841764450073
28,0,left_ankle,398.1271057128906,1214.587158203125,0.8015581369400024
28,0,right_ankle,398.5281066894531,1258.225830078125,0.8699255585670471
29,0,nose,549.5390014648438,674.6392822265625,0.9520534873008728
29,0,left_eye,541.9893798828125,656.6219482421875,0.33118757605552673
29,0,right_eye,529.697021484375,659.5682983398438,0.9710217118263245
29,0,left_ear,493.20440673828125,667.3386840820312,0.033928968012332916
29,0,right_ear,470.6419677734375,679.3612670898438,0.9699490070343018
29,0,left_shoulder,451.8294982910156,761.8359985351562,0.9731396436691284
29,0,right_shoulder,451.01104736328125,768.6580200195312,0.9923175573348999
29,0,left_elbow,578.4678955078125,824.1837768554688,0.798832893371582
29,0,right_elbow,609.0718994140625,836.8643188476562,0.985084593296051
29,0,left_wrist,731.0402221679688,858.8251342773438,0.8280675411224365
29,0,right_wrist,789.5571899414062,841.5371704101562,0.9755856990814209
29,0,left_hip,316.66485595703125,1009.638671875,0.9757924675941467
29,0,right_hip,312.23114013671875,1020.6075439453125,0.9888167381286621
29,0,left_knee,529.7088012695312,994.1045532226562,0.9425785541534424
29,0,right_knee,524.4430541992188,1019.84765625,0.9797520637512207
29,0,left_ankle,397.66192626953125,1210.908447265625,0.8206353187561035
29,0,right_ankle,399.3269348144531,1256.236572265625,0.8837602138519287
30,0,nose,549.5355834960938,674.6608276367188,0.952034592628479
30,0,left_eye,542.0036010742188,656.64990234375,0.33108237385749817
30,0,right_eye,529.699951171875,659.5763549804688,0.9709922671318054
30,0,left_ear,493.2404479980469,667.3909912109375,0.03390633314847946
30,0,right_ear,470.6409606933594,679.3618774414062,0.9699110984802246
30,0,left_shoulder,451.84283447265625,761.9638061523438,0.9731364250183105
30,0,right_shoulder,450.9104309082031,768.6748657226562,0.9923064112663269
30,0,left_elbow,578.4159545898438,824.373046875,0.7992271780967712
30,0,right_elbow,608.9182739257812,836.87939453125,0.9850872755050659
30,0,left_wrist,730.9486083984375,858.9527587890625,0.8285918235778809
30,0,right_wrist,789.5068359375,841.6012573242188,0.9756320118904114
30,0,left_hip,316.57757568359375,1009.7562255859375,0.9757404923439026
30,0,right_hip,312.0577087402344,1020.6956787109375,0.9887831807136536
30,0,left_knee,529.80419921875,994.2260131835938,0.9423280358314514
30,0,right_knee,524.440185546875,1019.9292602539062,0.9796442985534668
30,0,left_ankle,397.8446044921875,1210.9661865234375,0.8196781873703003
30,0,right_ankle,399.43988037109375,1256.283935546875,0.883036732673645
31,0,nose,549.7010498046875,675.3857421875,0.9574307203292847
31,0,left_eye,543.171142578125,657.6480712890625,0.3738071024417877
31,0,right_eye,529.2918090820312,660.341796875,0.9744622707366943
31,0,left_ear,495.93768310546875,669.1688842773438,0.03680575266480446
31,0,right_ear,469.3138427734375,680.9034423828125,0.9687448740005493
31,0,left_shoulder,452.9491271972656,761.8185424804688,0.9709734916687012
31,0,right_shoulder,450.1322021484375,769.80615234375,0.9917874932289124
31,0,left_elbow,579.2396240234375,825.6346435546875,0.7816668748855591
31,0,right_elbow,608.428466796875,839.9568481445312,0.9835608005523682
31,0,left_wrist,733.155517578125,865.0686645507812,0.8153271675109863
31,0,right_wrist,793.093505859375,843.92431640625,0.9734922647476196
31,0,left_hip,320.08673095703125,1007.0570068359375,0.9736073613166809
31,0,right_hip,314.5788879394531,1018.6126098632812,0.9878143072128296
31,0,left_knee,531.3590087890625,989.0318603515625,0.9437849521636963
31,0,right_knee,525.65576171875,1015.04736328125,0.9801884889602661
31,0,left_ankle,399.95782470703125,1210.904052734375,0.835681140422821
31,0,right_ankle,401.3936767578125,1254.3275146484375,0.8946583867073059
32,0,nose,549.7713012695312,675.4572143554688,0.9573033452033997
32,0,left_eye,543.2830810546875,657.7245483398438,0.3736892640590668
32,0,right_eye,529.400390625,660.4231567382812,0.9742891192436218
32,0,left_ear,496.0292663574219,669.23046875,0.03710460662841797
32,0,right_ear,469.5113830566406,680.9974975585938,0.9685527086257935
32,0,left_shoulder,452.70281982421875,761.7775268554688,0.9710928797721863
32,0,right_shoulder,450.37725830078125,769.7469482421875,0.9918259382247925
32,0,left_elbow,578.3944702148438,825.9047241210938,0.7835631966590881
32,0,right_elbow,608.2891235351562,840.0479125976562,0.9836909174919128
32,0,left_wrist,731.5684204101562,865.3969116210938,0.817264199256897
32,0,right_wrist,792.0755615234375,844.0615234375,0.9737458229064941
32,0,left_hip,319.4242248535156,1006.697998046875,0.9738432765007019
32,0,right_hip,314.23211669921875,1018.21875,0.9879186749458313
32,0,left_knee,531.082275390625,988.7042236328125,0.944259524345398
32,0,right_knee,525.55712890625,1014.6651611328125,0.980352520942688
32,0,left_ankle,400.0693054199219,1210.719482421875,0.8365201950073242
32,0,right_ankle,401.38946533203125,1254.1260986328125,0.8952613472938538
33,0,nose,550.9254150390625,676.659423828125,0.9591519832611084
33,0,left_eye,544.6187133789062,659.5999145507812,0.3791870176792145
33,0,right_eye,529.9573974609375,661.8596801757812,0.9750593304634094
33,0,left_ear,498.9552001953125,672.8831176757812,0.034954555332660675
33,0,right_ear,469.5233154296875,683.587158203125,0.9681697487831116
33,0,left_shoulder,457.2189025878906,765.7619018554688,0.9720339179039001
33,0,right_shoulder,448.70068359375,771.878173828125,0.9921000599861145
33,0,left_elbow,584.2633666992188,829.8820190429688,0.7987127304077148
33,0,right_elbow,606.4026489257812,842.3900756835938,0.9850766062736511
33,0,left_wrist,735.93408203125,866.2586059570312,0.8350691795349121
33,0,right_wrist,792.1182861328125,844.7999267578125,0.9767107367515564
33,0,left_hip,322.1484069824219,1009.0030517578125,0.9759072661399841
33,0,right_hip,313.09625244140625,1019.9118041992188,0.9888743162155151
33,0,left_knee,533.6856689453125,986.28662109375,0.948674738407135
33,0,right_knee,526.1583251953125,1011.5578002929688,0.9819721579551697
33,0,left_ankle,400.3932800292969,1208.987060546875,0.8458852171897888
33,0,right_ankle,402.1314697265625,1251.7557373046875,0.9017590284347534
34,0,nose,550.9419555664062,676.6767578125,0.9590322375297546
34,0,left_eye,544.6397705078125,659.6158447265625,0.37821829319000244
34,0,right_eye,529.98291015625,661.8792724609375,0.9749932885169983
34,0,left_ear,498.961181640625,672.8668212890625,0.0348917692899704
34,0,right_ear,469.5295104980469,683.5700073242188,0.968178927898407
34,0,left_shoulder,457.2182312011719,765.6731567382812,0.9720517992973328
34,0,right_shoulder,448.70233154296875,771.8279418945312,0.9921247363090515
34,0,left_elbow,584.1827392578125,829.8463745117188,0.798841118812561
34,0,right_elbow,606.4270629882812,842.4169921875,0.9851347804069519
34,0,left_wrist,735.8999633789062,866.2500610351562,0.835078239440918
34,0,right_wrist,792.0519409179688,844.815185546875,0.9767630100250244
34,0,left_hip,322.2649841308594,1008.794189453125,0.9760613441467285
34,0,right_hip,313.2017517089844,1019.7130737304688,0.9889602661132812
34,0,left_knee,533.6222534179688,986.6217041015625,0.9489124417304993
34,0,right_knee,526.0319213867188,1011.9164428710938,0.9820756316184998
34,0,left_ankle,400.3509216308594,1209.136962890625,0.8462533354759216
34,0,right_ankle,401.9991455078125,1251.91650390625,0.9020657539367676
35,0,nose,552.3212280273438,680.672119140625,0.9519304037094116
35,0,left_eye,545.12060546875,663.60205078125,0.3283923864364624
35,0,right_eye,532.7552490234375,665.6218872070312,0.9719430208206177
35,0,left_ear,497.08984375,675.7813110351562,0.03094843402504921
35,0,right_ear,473.73297119140625,685.7954711914062,0.9685216546058655
35,0,left_shoulder,455.0636901855469,767.367919921875,0.9694387912750244
35,0,right_shoulder,454.3470153808594,773.9326782226562,0.991910994052887
35,0,left_elbow,584.8059692382812,829.99658203125,0.7791110277175903
35,0,right_elbow,615.6438598632812,843.894287109375,0.9850183129310608
35,0,left_wrist,739.5105590820312,867.82568359375,0.8177515268325806
35,0,right_wrist,797.5004272460938,849.6376953125,0.9757920503616333
35,0,left_hip,321.5945129394531,1010.40869140625,0.9749385118484497
35,0,right_hip,317.2759704589844,1021.3121337890625,0.9888302683830261
35,0,left_knee,538.1705932617188,980.2899169921875,0.9500774145126343
35,0,right_knee,532.539306640625,1004.9918823242188,0.983169436454773
35,0,left_ankle,403.9778137207031,1207.2777099609375,0.8572425842285156
35,0,right_ankle,404.6757507324219,1248.307373046875,0.9113895297050476
36,0,nose,552.31201171875,680.7279052734375,0.9516921043395996
36,0,left_eye,545.1053466796875,663.6360473632812,0.32751768827438354
36,0,right_eye,532.7794189453125,665.66162109375,0.9718177914619446
36,0,left_ear,496.9539489746094,675.7459106445312,0.031070876866579056
36,0,right_ear,473.8053894042969,685.7974853515625,0.9684845209121704
36,0,left_shoulder,454.6676330566406,767.3361206054688,0.9693626165390015
36,0,right_shoulder,454.55401611328125,773.939208984375,0.9919177889823914
36,0,left_elbow,584.1103515625,829.9667358398438,0.778186559677124
36,0,right_elbow,615.7266845703125,843.8080444335938,0.985007643699646
36,0,left_wrist,738.83544921875,867.9623413085938,0.8167858719825745
36,0,right_wrist,797.409423828125,849.6764526367188,0.9757177233695984
36,0,left_hip,321.0906677246094,1010.6183471679688,0.9749463200569153
36,0,right_hip,317.1723327636719,1021.5306396484375,0.9888532161712646
36,0,left_knee,537.90234375,980.425048828125,0.9501966834068298
36,0,right_knee,532.661865234375,1005.1209106445312,0.983244776725769
36,0,left_ankle,403.6199951171875,1207.4578857421875,0.8578940629959106
36,0,right_ankle,404.5235900878906,1248.5050048828125,0.9119465947151184
37,0,nose,554.2388916015625,687.884521484375,0.9402008056640625
37,0,left_eye,546.541259765625,670.4218139648438,0.2656700313091278
37,0,right_eye,536.1683349609375,672.0803833007812,0.9641126394271851
37,0,left_ear,498.5013427734375,681.0311889648438,0.02567681483924389
37,0,right_ear,479.1113586425781,689.2894287109375,0.9656607508659363
37,0,left_shoulder,459.53350830078125,773.2559814453125,0.9691609144210815
37,0,right_shoulder,456.11505126953125,777.4622802734375,0.9922072291374207
37,0,left_elbow,590.0591430664062,836.8463745117188,0.7996167540550232
37,0,right_elbow,614.8626098632812,849.4249877929688,0.9874618649482727
37,0,left_wrist,743.582763671875,870.0025634765625,0.8408370018005371
37,0,right_wrist,796.4769287109375,855.8973999023438,0.9800829291343689
37,0,left_hip,324.70947265625,1019.808837890625,0.9769750833511353
37,0,right_hip,318.1899719238281,1029.799072265625,0.9899805188179016
37,0,left_knee,541.6221313476562,983.1434326171875,0.9501099586486816
37,0,right_knee,532.5264892578125,1006.9065551757812,0.9834949374198914
37,0,left_ankle,407.36102294921875,1209.86865234375,0.8475868701934814
37,0,right_ankle,405.62310791015625,1250.5145263671875,0.9059248566627502
38,0,nose,554.2119750976562,687.9151000976562,0.9400491118431091
38,0,left_eye,546.500732421875,670.4468994140625,0.2652539610862732
38,0,right_eye,536.1680297851562,672.1294555664062,0.9640228748321533
38,0,left_ear,498.38177490234375,680.999755859375,0.02570701204240322
38,0,right_ear,479.12652587890625,689.3150024414062,0.9656229615211487
38,0,left_shoulder,459.2664489746094,773.054443359375,0.9691395163536072
38,0,right_shoulder,456.1805419921875,777.3823852539062,0.9922000765800476
38,0,left_elbow,589.6279907226562,836.63330078125,0.7995454668998718
38,0,right_elbow,614.8549194335938,849.4033203125,0.9874496459960938
38,0,left_wrist,743.1057739257812,869.8370361328125,0.8406976461410522
38,0,right_wrist,796.3839721679688,855.9185791015625,0.9800550937652588
38,0,left_hip,324.52105712890625,1019.41455078125,0.9770054817199707
38,0,right_hip,318.2208557128906,1029.4564208984375,0.9899914264678955
38,0,left_knee,541.482177734375,983.092041015625,0.9502161741256714
38,0,right_knee,532.587646484375,1006.9080200195312,0.9835271239280701
38,0,left_ankle,407.2713317871094,1209.8878173828125,0.8478416204452515
38,0,right_ankle,405.5804138183594,1250.573974609375,0.9060829281806946
39,0,nose,557.0935668945312,688.347900390625,0.9741177558898926
39,0,left_eye,552.7809448242188,671.307861328125,0.4028553068637848
39,0,right_eye,537.837890625,673.275390625,0.9879608750343323
39,0,left_ear,515.6865234375,683.8944702148438,0.026538226753473282
39,0,right_ear,485.85052490234375,692.5098266601562,0.9853333830833435
39,0,left_shoulder,465.87548828125,780.7430419921875,0.9810707569122314
39,0,right_shoulder,459.09814453125,784.1602172851562,0.9956075549125671
39,0,left_elbow,604.5836181640625,848.148193359375,0.8132014274597168
39,0,right_elbow,627.4266967773438,859.8606567382812,0.989461362361908
39,0,left_wrist,753.9775390625,868.3797607421875,0.8454135060310364
39,0,right_wrist,801.6126098632812,862.1703491210938,0.9807665348052979
39,0,left_hip,299.7647399902344,1045.249267578125,0.9852331280708313
39,0,right_hip,291.2887878417969,1054.3555908203125,0.9931446313858032
39,0,left_knee,563.0086059570312,987.4114990234375,0.9739643931388855
39,0,right_knee,563.2281494140625,1007.3985595703125,0.9913172721862793
39,0,left_ankle,426.5760803222656,1215.49169921875,0.9297523498535156
39,0,right_ankle,421.2824401855469,1248.5587158203125,0.9566453695297241
40,0,nose,557.1222534179688,688.3565673828125,0.9743606448173523
40,0,left_eye,552.8800659179688,671.3323974609375,0.4051003158092499
40,0,right_eye,537.8135375976562,673.2976684570312,0.988080620765686
40,0,left_ear,515.9865112304688,683.966552734375,0.026369377970695496
40,0,right_ear,485.7898254394531,692.5520629882812,0.9852546453475952
40,0,left_shoulder,466.03411865234375,780.6495361328125,0.9809362888336182
40,0,right_shoulder,459.1518859863281,783.9857788085938,0.9955783486366272
40,0,left_elbow,604.6934814453125,848.0940551757812,0.8127244114875793
40,0,right_elbow,627.5623168945312,859.7520751953125,0.9894519448280334
40,0,left_wrist,754.0595703125,868.1881103515625,0.8454464077949524
40,0,right_wrist,801.6881713867188,862.1275024414062,0.980810821056366
40,0,left_hip,299.806396484375,1045.312255859375,0.9852055907249451
40,0,right_hip,291.2698974609375,1054.385498046875,0.9931352138519287
40,0,left_knee,563.3834838867188,987.1400756835938,0.9740756750106812
40,0,right_knee,563.6749267578125,1007.0435791015625,0.9913651943206787
40,0,left_ankle,426.4865417480469,1215.5115966796875,0.9303243160247803
40,0,right_ankle,421.22412109375,1248.4971923828125,0.9570462703704834
41,0,nose,557.185791015625,690.2150268554688,0.9417364597320557
41,0,left_eye,549.2214965820312,673.031982421875,0.27324897050857544
41,0,right_eye,539.2973022460938,674.8894653320312,0.9650415182113647
41,0,left_ear,498.9891662597656,683.8985595703125,0.02910609357059002
41,0,right_ear,482.3955078125,693.3367919921875,0.9665098786354065
41,0,left_shoulder,455.3977966308594,776.010009765625,0.9708515405654907
41,0,right_shoulder,460.79595947265625,780.7325439453125,0.9926549196243286
41,0,left_elbow,589.8787841796875,842.324462890625,0.8037251234054565
41,0,right_elbow,620.1589965820312,853.6480712890625,0.9878188371658325
41,0,left_wrist,754.8090209960938,877.9074096679688,0.8434638381004333
41,0,right_wrist,805.305419921875,861.3941650390625,0.9801903367042542
41,0,left_hip,316.6575012207031,1022.40673828125,0.9775677919387817
41,0,right_hip,316.57958984375,1032.7491455078125,0.9901665449142456
41,0,left_knee,538.6919555664062,985.7839965820312,0.9509803652763367
41,0,right_knee,537.8192749023438,1009.5861206054688,0.9837823510169983
41,0,left_ankle,408.5309753417969,1212.945068359375,0.8501373529434204
41,0,right_ankle,410.3481750488281,1254.34619140625,0.9077790379524231
42,0,nose,557.1778564453125,690.1185302734375,0.9412447810173035
42,0,left_eye,549.2228393554688,672.9721069335938,0.27169519662857056
42,0,right_eye,539.3324584960938,674.8259887695312,0.9647515416145325
42,0,left_ear,498.94677734375,683.9039916992188,0.029187357053160667
42,0,right_ear,482.5405578613281,693.3533935546875,0.9664415121078491
42,0,left_shoulder,455.2574157714844,775.9454956054688,0.9708135724067688
42,0,right_shoulder,460.9054260253906,780.6687622070312,0.9926488995552063
42,0,left_elbow,589.7756958007812,842.2540283203125,0.8035362362861633
42,0,right_elbow,620.2684936523438,853.5879516601562,0.98781418800354
42,0,left_wrist,754.7307739257812,877.9501953125,0.8430447578430176
42,0,right_wrist,805.3862915039062,861.4793090820312,0.9801300764083862
42,0,left_hip,316.0751953125,1022.3516235351562,0.9775326251983643
42,0,right_hip,316.15869140625,1032.673095703125,0.9901540875434875
42,0,left_knee,538.4916381835938,985.849609375,0.9507437348365784
42,0,right_knee,537.7699584960938,1009.6203002929688,0.983714759349823
42,0,left_ankle,408.36907958984375,1212.983642578125,0.8494260311126709
42,0,right_ankle,410.1891784667969,1254.3739013671875,0.9073636531829834
43,0,nose,556.587158203125,691.1722412109375,0.938300371170044
43,0,left_eye,548.3776245117188,673.9883422851562,0.2568751275539398
43,0,right_eye,539.2538452148438,675.5684814453125,0.9629815220832825
43,0,left_ear,497.4635009765625,684.4837646484375,0.027342773973941803
43,0,right_ear,482.71392822265625,693.09326171875,0.9658686518669128
43,0,left_shoulder,453.9571838378906,777.0869750976562,0.9702075123786926
43,0,right_shoulder,460.5633544921875,780.9943237304688,0.9925958514213562
43,0,left_elbow,589.7216796875,841.7693481445312,0.8052508234977722
43,0,right_elbow,618.3765869140625,853.0368041992188,0.9881658554077148
43,0,left_wrist,756.6484375,877.1595458984375,0.8470789790153503
43,0,right_wrist,800.904296875,863.1768188476562,0.9809837937355042
43,0,left_hip,315.34246826171875,1025.022216796875,0.9774513840675354
43,0,right_hip,316.08172607421875,1035.1087646484375,0.9901983737945557
43,0,left_knee,539.3983764648438,985.6263427734375,0.9500083327293396
43,0,right_knee,538.6220703125,1008.913818359375,0.9836056232452393
43,0,left_ankle,408.99365234375,1211.5164794921875,0.8464300632476807
43,0,right_ankle,410.45782470703125,1252.3546142578125,0.9058160185813904
44,0,nose,556.5402221679688,691.4563598632812,0.9395331144332886
44,0,left_eye,548.5118408203125,674.2293090820312,0.2616305947303772
44,0,right_eye,539.182861328125,675.7774047851562,0.9636456966400146
44,0,left_ear,497.9659423828125,684.6260375976562,0.027504896745085716
44,0,right_ear,482.61334228515625,693.0974731445312,0.9657655954360962
44,0,left_shoulder,454.2993469238281,777.1124877929688,0.9702919721603394
44,0,right_shoulder,460.335693359375,780.8865966796875,0.9925740957260132
44,0,left_elbow,589.9462890625,841.8428344726562,0.8060433268547058
44,0,right_elbow,618.1022338867188,853.024169921875,0.9881274104118347
44,0,left_wrist,756.69775390625,877.160888671875,0.8480618596076965
44,0,right_wrist,800.9036254882812,863.0530395507812,0.9810132384300232
44,0,left_hip,315.41705322265625,1024.9918212890625,0.9773739576339722
44,0,right_hip,315.7690734863281,1035.031494140625,0.9901313781738281
44,0,left_knee,539.6567993164062,985.273681640625,0.9499722123146057
44,0,right_knee,538.569580078125,1008.4796142578125,0.9835432767868042
44,0,left_ankle,409.155517578125,1211.1212158203125,0.8466019630432129
44,0,right_ankle,410.5016784667969,1251.7840576171875,0.9057666063308716
45,0,nose,558.2735595703125,691.0831909179688,0.9413750171661377
45,0,left_eye,550.3269653320312,673.971435546875,0.2598908245563507
45,0,right_eye,540.425048828125,675.4746704101562,0.965193510055542
45,0,left_ear,500.7638854980469,685.0136108398438,0.025257723405957222
45,0,right_ear,483.136962890625,693.2566528320312,0.9670230746269226
45,0,left_shoulder,459.0928039550781,778.2566528320312,0.9711123108863831
45,0,right_shoulder,460.1175842285156,780.9583129882812,0.9926642775535583
45,0,left_elbow,596.876953125,843.006103515625,0.8111332654953003
45,0,right_elbow,620.1231079101562,853.2064819335938,0.9884644150733948
45,0,left_wrist,764.5939331054688,876.5099487304688,0.8526183366775513
45,0,right_wrist,803.2311401367188,864.255126953125,0.9816393852233887
45,0,left_hip,318.5320129394531,1025.2138671875,0.9780656695365906
45,0,right_hip,315.4864196777344,1034.7503662109375,0.990384578704834
45,0,left_knee,543.4432373046875,983.2977905273438,0.9510182738304138
45,0,right_knee,538.8235473632812,1006.1141967773438,0.9838575124740601
45,0,left_ankle,410.0301513671875,1207.486572265625,0.8485536575317383
45,0,right_ankle,409.6953125,1248.49609375,0.9065629243850708
46,0,nose,558.2544555664062,691.0275268554688,0.9408878684043884
46,0,left_eye,550.2361450195312,673.9364624023438,0.25840145349502563
46,0,right_eye,540.377685546875,675.4990844726562,0.9648261666297913
46,0,left_ear,500.6465148925781,685.0279541015625,0.02526276744902134
46,0,right_ear,483.1424255371094,693.4254150390625,0.9668429493904114
46,0,left_shoulder,459.1016540527344,778.2378540039062,0.9711352586746216
46,0,right_shoulder,459.9468078613281,781.0077514648438,0.9926860332489014
46,0,left_elbow,596.8626098632812,842.9117431640625,0.8123998045921326
46,0,right_elbow,619.5761108398438,853.1973266601562,0.9885701537132263
46,0,left_wrist,764.4844360351562,876.4301147460938,0.8539626002311707
46,0,right_wrist,803.0767211914062,864.3348388671875,0.9818395972251892
46,0,left_hip,318.35546875,1025.265869140625,0.9782052636146545
46,0,right_hip,315.239013671875,1034.8702392578125,0.9904531240463257
46,0,left_knee,543.4445190429688,982.976806640625,0.9511840343475342
46,0,right_knee,538.9033813476562,1005.9228515625,0.9839283227920532
46,0,left_ankle,409.9648132324219,1207.203125,0.8486635684967041
46,0,right_ankle,409.8005065917969,1248.5145263671875,0.9067201018333435
47,0,nose,560.0785522460938,687.6974487304688,0.9480840563774109
47,0,left_eye,552.4329223632812,670.4752807617188,0.2784086763858795
47,0,right_eye,541.3047485351562,672.0780639648438,0.9701848030090332
47,0,left_ear,504.61016845703125,682.3567504882812,0.023446695879101753
47,0,right_ear,483.2178039550781,690.7625122070312,0.9692785739898682
47,0,left_shoulder,463.92431640625,776.2406005859375,0.9711205363273621
47,0,right_shoulder,461.5784912109375,779.29443359375,0.9923700094223022
47,0,left_elbow,605.3057861328125,840.5530395507812,0.8038139343261719
47,0,right_elbow,626.9292602539062,852.1966552734375,0.9876367449760437
47,0,left_wrist,768.7745971679688,871.887939453125,0.8463875651359558
47,0,right_wrist,809.1358032226562,861.38330078125,0.9805588126182556
47,0,left_hip,321.0133972167969,1023.7930297851562,0.9770599603652954
47,0,right_hip,315.71197509765625,1033.1768798828125,0.989770770072937
47,0,left_knee,548.738037109375,976.5322265625,0.9523405432701111
47,0,right_knee,543.5623168945312,998.990478515625,0.9841787219047546
47,0,left_ankle,411.39044189453125,1203.7037353515625,0.8587659001350403
47,0,right_ankle,411.6982116699219,1243.670654296875,0.9123863577842712
48,0,nose,560.0787963867188,687.6749267578125,0.9477416276931763
48,0,left_eye,552.402099609375,670.4610595703125,0.2764873802661896
48,0,right_eye,541.3046264648438,672.0757446289062,0.9699932336807251
48,0,left_ear,504.5972595214844,682.3727416992188,0.02326599508523941
48,0,right_ear,483.246826171875,690.785888671875,0.9692817330360413
48,0,left_shoulder,464.1922302246094,776.255126953125,0.9710900783538818
48,0,right_shoulder,461.5780334472656,779.2661743164062,0.9923833012580872
48,0,left_elbow,605.6825561523438,840.5136108398438,0.8039606213569641
48,0,right_elbow,626.7276611328125,852.1318969726562,0.9876975417137146
48,0,left_wrist,769.0294189453125,871.7725219726562,0.8465254902839661
48,0,right_wrist,808.739013671875,861.3395385742188,0.9806400537490845
48,0,left_hip,321.3656921386719,1023.8057250976562,0.9771624207496643
48,0,right_hip,315.8992614746094,1033.155517578125,0.9898372292518616
48,0,left_knee,548.7637329101562,976.807373046875,0.9524454474449158
48,0,right_knee,543.4146728515625,999.2510375976562,0.9842414259910583
48,0,left_ankle,411.33575439453125,1204.07275390625,0.8586989045143127
48,0,right_ankle,411.5069885253906,1244.0821533203125,0.9124240875244141
49,0,nose,561.4859619140625,685.116943359375,0.9496023058891296
49,0,left_eye,553.9417114257812,667.4681396484375,0.28970298171043396
49,0,right_eye,542.3547973632812,669.7256469726562,0.970990777015686
49,0,left_ear,506.1439514160156,678.54443359375,0.024689599871635437
49,0,right_ear,483.8518981933594,688.6832275390625,0.9688803553581238
49,0,left_shoulder,463.6274108886719,771.9976196289062,0.971006453037262
49,0,right_shoulder,462.6839904785156,777.1242065429688,0.9922433495521545
49,0,left_elbow,601.1668701171875,836.679443359375,0.8023691177368164
49,0,right_elbow,625.1676025390625,850.89013671875,0.9872515201568604
49,0,left_wrist,763.1563110351562,868.2044677734375,0.8456432223320007
49,0,right_wrist,809.4412841796875,859.7760009765625,0.9801552891731262
49,0,left_hip,320.2864685058594,1017.5507202148438,0.9766383171081543
49,0,right_hip,316.0805358886719,1027.9266357421875,0.9894756078720093
49,0,left_knee,548.8126831054688,975.076171875,0.9516310691833496
49,0,right_knee,545.970703125,998.8762817382812,0.9837853908538818
49,0,left_ankle,409.4838562011719,1199.04052734375,0.856894850730896
49,0,right_ankle,411.2557067871094,1241.0498046875,0.9107791781425476
50,0,nose,561.4940185546875,685.106201171875,0.9499457478523254
50,0,left_eye,554.0128173828125,667.4616088867188,0.29115304350852966
50,0,right_eye,542.3273315429688,669.7040405273438,0.9711865186691284
50,0,left_ear,506.38079833984375,678.5863647460938,0.02473609149456024
50,0,right_ear,483.7926025390625,688.6677856445312,0.9690321683883667
50,0,left_shoulder,464.056396484375,772.1906127929688,0.9711796641349792
50,0,right_shoulder,462.49102783203125,777.149658203125,0.9922603964805603
50,0,left_elbow,601.3964233398438,836.9520874023438,0.8028206825256348
50,0,right_elbow,625.1417236328125,850.8461303710938,0.987228274345398
50,0,left_wrist,763.1505126953125,868.5988159179688,0.845660924911499
50,0,right_wrist,809.3088989257812,859.9168701171875,0.980099618434906
50,0,left_hip,320.4585876464844,1017.5690307617188,0.9767040014266968
50,0,right_hip,315.81884765625,1027.8616943359375,0.9894882440567017
50,0,left_knee,548.9439697265625,975.7360229492188,0.9515295028686523
50,0,right_knee,545.6118774414062,999.4964599609375,0.9837241172790527
50,0,left_ankle,409.4210205078125,1199.4136962890625,0.8562161326408386
50,0,right_ankle,411.07904052734375,1241.4710693359375,0.9102202653884888
51,0,nose,562.7390747070312,683.1228637695312,0.9566304087638855
51,0,left_eye,556.2107543945312,665.37451171875,0.3267318308353424
51,0,right_eye,543.3674926757812,667.0943603515625,0.9753119945526123
51,0,left_ear,509.5339660644531,676.206787109375,0.025490714237093925
51,0,right_ear,483.70294189453125,685.0975341796875,0.9694095253944397
51,0,left_shoulder,463.6920471191406,769.8130493164062,0.9700910449028015
51,0,right_shoulder,462.91351318359375,774.2305297851562,0.991838276386261
51,0,left_elbow,594.1541137695312,835.4403076171875,0.7915462255477905
51,0,right_elbow,626.5167236328125,848.4739990234375,0.9860343337059021
51,0,left_wrist,749.5489501953125,868.2479858398438,0.8372869491577148
51,0,right_wrist,811.719482421875,858.4886474609375,0.9786989688873291
51,0,left_hip,321.00531005859375,1016.6200561523438,0.9747471809387207
51,0,right_hip,316.424560546875,1026.6805419921875,0.9884649515151978
51,0,left_knee,549.55224609375,975.4130249023438,0.9503808617591858
51,0,right_knee,547.0086059570312,998.2606201171875,0.9831010699272156
51,0,left_ankle,408.4522705078125,1200.4869384765625,0.8586083650588989
51,0,right_ankle,411.4341125488281,1240.22412109375,0.9110774397850037
52,0,nose,562.7963256835938,683.0808715820312,0.9566510319709778
52,0,left_eye,556.272216796875,665.3348388671875,0.3266042172908783
52,0,right_eye,543.3786010742188,667.0642700195312,0.9752912521362305
52,0,left_ear,509.6756591796875,676.1939086914062,0.02543848752975464
52,0,right_ear,483.65264892578125,685.0867309570312,0.9694463014602661
52,0,left_shoulder,464.0553283691406,769.8163452148438,0.9702504873275757
52,0,right_shoulder,462.5950927734375,774.149169921875,0.9918694496154785
52,0,left_elbow,594.5625,835.4952392578125,0.7931634783744812
52,0,right_elbow,626.0870971679688,848.409423828125,0.9861257672309875
52,0,left_wrist,749.8851928710938,868.251708984375,0.8387138843536377
52,0,right_wrist,811.7743530273438,858.4102783203125,0.9788705110549927
52,0,left_hip,321.3756103515625,1016.6871948242188,0.9748753309249878
52,0,right_hip,316.3489990234375,1026.7451171875,0.9885119199752808
52,0,left_knee,549.7120361328125,975.472900390625,0.9503318667411804
52,0,right_knee,546.7525634765625,998.3617553710938,0.9830599427223206
52,0,left_ankle,408.6741027832031,1200.4267578125,0.857864499092102
52,0,right_ankle,411.52471923828125,1240.2911376953125,0.9104959964752197
53,0,nose,566.2254638671875,679.3064575195312,0.9680867195129395
53,0,left_eye,561.8958740234375,660.56005859375,0.396016925573349
53,0,right_eye,546.0496826171875,662.2347412109375,0.9823943972587585
53,0,left_ear,518.3604736328125,670.2294311523438,0.024997955188155174
53,0,right_ear,484.4644775390625,678.2813720703125,0.9710832238197327
53,0,left_shoulder,468.4986572265625,763.4116821289062,0.9696547985076904
53,0,right_shoulder,462.34564208984375,767.5514526367188,0.9912003874778748
53,0,left_elbow,606.68603515625,831.5332641601562,0.7832283973693848
53,0,right_elbow,629.2335815429688,845.483154296875,0.9845046997070312
53,0,left_wrist,770.9002685546875,866.785888671875,0.8354344964027405
53,0,right_wrist,811.3436889648438,855.594482421875,0.9775065183639526
53,0,left_hip,316.9685363769531,1011.2315063476562,0.9715877771377563
53,0,right_hip,309.67462158203125,1021.1453857421875,0.9865862131118774
53,0,left_knee,552.5802612304688,970.2201538085938,0.9480649828910828
53,0,right_knee,550.1869506835938,993.0277099609375,0.9819754958152771
53,0,left_ankle,407.3121643066406,1199.976806640625,0.8582579493522644
53,0,right_ankle,413.05010986328125,1238.560546875,0.9094319939613342
54,0,nose,566.1983032226562,679.3328857421875,0.9680694341659546
54,0,left_eye,561.8914184570312,660.601806640625,0.39593368768692017
54,0,right_eye,546.025146484375,662.2613525390625,0.9823758006095886
54,0,left_ear,518.4172973632812,670.302001953125,0.024996526539325714
54,0,right_ear,484.45916748046875,678.314208984375,0.9710351824760437
54,0,left_shoulder,468.5853576660156,763.4917602539062,0.9696664810180664
54,0,right_shoulder,462.337158203125,767.5650634765625,0.9912168979644775
54,0,left_elbow,606.7471923828125,831.6344604492188,0.7834258675575256
54,0,right_elbow,629.16015625,845.5084228515625,0.9845513701438904
54,0,left_wrist,771.04443359375,866.8677978515625,0.8356574177742004
54,0,right_wrist,811.2979125976562,855.6520385742188,0.977569043636322
54,0,left_hip,317.0481872558594,1011.1743774414062,0.9717143774032593
54,0,right_hip,309.68707275390625,1021.0584716796875,0.9866577982902527
54,0,left_knee,552.6420288085938,970.2567138671875,0.9483283162117004
54,0,right_knee,550.1598510742188,993.024658203125,0.9820846915245056
54,0,left_ankle,407.345703125,1199.924072265625,0.8589060306549072
54,0,right_ankle,412.9586181640625,1238.4755859375,0.9099277853965759
55,0,nose,566.9185180664062,668.1404418945312,0.9562531113624573
55,0,left_eye,559.8623046875,649.5469970703125,0.33852508664131165
55,0,right_eye,546.6436157226562,653.1936645507812,0.9763376116752625
55,0,left_ear,509.03240966796875,659.6314697265625,0.03240571171045303
55,0,right_ear,486.5150146484375,674.5350341796875,0.9727795720100403
55,0,left_shoulder,454.6488952636719,753.9546508789062,0.9702422618865967
55,0,right_shoulder,472.6997985839844,763.6250610351562,0.9918345212936401
55,0,left_elbow,574.7967529296875,825.6231689453125,0.7594418525695801
55,0,right_elbow,634.9723510742188,838.14208984375,0.9832247495651245
55,0,left_wrist,724.6824340820312,866.87939453125,0.7955312132835388
55,0,right_wrist,813.0784912109375,849.4481201171875,0.9721012711524963
55,0,left_hip,308.0317687988281,1000.4998168945312,0.972924530506134
55,0,right_hip,316.27569580078125,1012.3466796875,0.9875391721725464
55,0,left_knee,544.8434448242188,972.9487915039062,0.9499834775924683
55,0,right_knee,555.774169921875,998.119384765625,0.983044445514679
55,0,left_ankle,403.59027099609375,1195.7816162109375,0.8659468293190002
55,0,right_ankle,412.2376708984375,1240.23388671875,0.9163813591003418
56,0,nose,566.8048706054688,667.9407958984375,0.9559504985809326
56,0,left_eye,559.7612915039062,649.4270629882812,0.33776360750198364
56,0,right_eye,546.51708984375,653.0861206054688,0.9762094616889954
56,0,left_ear,508.9824523925781,659.7058715820312,0.032568469643592834
56,0,right_ear,486.5140075683594,674.6514892578125,0.9727227091789246
56,0,left_shoulder,454.6804504394531,753.944091796875,0.9701186418533325
56,0,right_shoulder,472.6390075683594,763.5315551757812,0.9918394088745117
56,0,left_elbow,575.3501586914062,825.7127685546875,0.7583901286125183
56,0,right_elbow,634.5503540039062,837.9799194335938,0.9832358956336975
56,0,left_wrist,725.8905639648438,867.420654296875,0.7944482564926147
56,0,right_wrist,812.7069702148438,849.382568359375,0.9720373153686523
56,0,left_hip,307.6602478027344,1000.2128295898438,0.9729617834091187
56,0,right_hip,315.94976806640625,1012.04443359375,0.9875904321670532
56,0,left_knee,544.9697875976562,972.5847778320312,0.950226902961731
56,0,right_knee,556.0985107421875,997.7669067382812,0.9831923842430115
56,0,left_ankle,403.71307373046875,1195.69482421875,0.8670309782028198
56,0,right_ankle,412.4631042480469,1240.2357177734375,0.917324423789978
57,0,nose,566.1665649414062,659.2431030273438,0.952018678188324
57,0,left_eye,556.430908203125,639.6902465820312,0.30036744475364685
57,0,right_eye,547.82861328125,642.9775390625,0.972521960735321
57,0,left_ear,499.31427001953125,644.6884155273438,0.02862144075334072
57,0,right_ear,485.3492431640625,660.2305297851562,0.9709096550941467
57,0,left_shoulder,450.8044128417969,741.73974609375,0.9685541987419128
57,0,right_shoulder,471.7428894042969,757.3690185546875,0.9921658039093018
57,0,left_elbow,569.4070434570312,812.9119262695312,0.7523908019065857
57,0,right_elbow,635.7534790039062,837.301025390625,0.9838225245475769
57,0,left_wrist,724.5986328125,854.365478515625,0.7948841452598572
57,0,right_wrist,804.9205322265625,846.2777709960938,0.973097026348114
57,0,left_hip,321.65240478515625,996.125732421875,0.971407949924469
57,0,right_hip,331.3862609863281,1009.2183837890625,0.9874317646026611
57,0,left_knee,528.8844604492188,974.3383178710938,0.929502010345459
57,0,right_knee,539.34619140625,1001.05615234375,0.9755836725234985
57,0,left_ankle,398.65362548828125,1190.504150390625,0.7922180891036987
57,0,right_ankle,414.2549743652344,1233.843994140625,0.8648410439491272
58,0,nose,566.0809326171875,659.1884765625,0.9513680934906006
58,0,left_eye,556.356201171875,639.654296875,0.2979399263858795
58,0,right_eye,547.7506103515625,642.9661254882812,0.9721521735191345
58,0,left_ear,499.1714782714844,644.7257080078125,0.028639869764447212
58,0,right_ear,485.3188171386719,660.3626098632812,0.9706845283508301
58,0,left_shoulder,450.6006774902344,741.7261962890625,0.9683246612548828
58,0,right_shoulder,471.612548828125,757.382568359375,0.9921427965164185
58,0,left_elbow,569.0928344726562,812.9351196289062,0.7516689896583557
58,0,right_elbow,634.95751953125,837.21142578125,0.9838485717773438
58,0,left_wrist,724.4805908203125,854.7367553710938,0.7944967150688171
58,0,right_wrist,804.149169921875,846.1488037109375,0.9731398820877075
58,0,left_hip,321.0596923828125,995.8238525390625,0.9713382124900818
58,0,right_hip,330.9102478027344,1008.9506225585938,0.9874322414398193
58,0,left_knee,528.93896484375,973.838134765625,0.9294517636299133
58,0,right_knee,539.5416870117188,1000.6346435546875,0.9756456613540649
58,0,left_ankle,398.3788146972656,1190.110595703125,0.7924181222915649
58,0,right_ankle,414.0653991699219,1233.6219482421875,0.8653040528297424
59,0,nose,565.1809692382812,646.8533935546875,0.9355210661888123
59,0,left_eye,554.6805419921875,626.9834594726562,0.25599899888038635
59,0,right_eye,547.1153564453125,631.3211669921875,0.9623132944107056
59,0,left_ear,496.0345153808594,631.0023803710938,0.03200824558734894
59,0,right_ear,485.97607421875,649.2828369140625,0.9675296545028687
59,0,left_shoulder,447.21026611328125,726.0723266601562,0.9650703072547913
59,0,right_shoulder,473.35467529296875,746.9826049804688,0.9922852516174316
59,0,left_elbow,557.4251708984375,795.12548828125,0.743098795413971
59,0,right_elbow,631.7030639648438,826.9147338867188,0.984444260597229
59,0,left_wrist,700.4907836914062,846.3678588867188,0.7858163714408875
59,0,right_wrist,801.5961303710938,843.3963623046875,0.9730839133262634
59,0,left_hip,326.2253723144531,981.4404907226562,0.9729384183883667
59,0,right_hip,338.90216064453125,996.785888671875,0.9887047410011292
59,0,left_knee,525.3133544921875,975.9096069335938,0.9303587675094604
59,0,right_knee,537.3239135742188,1005.4342651367188,0.976668655872345
59,0,left_ankle,403.2975769042969,1190.79931640625,0.7868320345878601
59,0,right_ankle,416.21124267578125,1236.4344482421875,0.8649356961250305
60,0,nose,567.5050659179688,636.8069458007812,0.9485821723937988
60,0,left_eye,558.1795654296875,616.4833984375,0.29990094900131226
60,0,right_eye,547.906494140625,620.7570190429688,0.9710350632667542
60,0,left_ear,500.23516845703125,620.1891479492188,0.030074676498770714
60,0,right_ear,482.41552734375,638.1882934570312,0.9702911972999573
60,0,left_shoulder,446.16162109375,716.1790771484375,0.9636558890342712
60,0,right_shoulder,470.53753662109375,734.8818969726562,0.9916849136352539
60,0,left_elbow,541.2528076171875,789.3746337890625,0.725523829460144
60,0,right_elbow,628.8555297851562,813.1260986328125,0.982311487197876
60,0,left_wrist,667.3154296875,848.379638671875,0.7689298391342163
60,0,right_wrist,795.208251953125,833.2340698242188,0.9704448580741882
60,0,left_hip,327.36846923828125,977.0894775390625,0.9712563753128052
60,0,right_hip,338.3257141113281,991.4769897460938,0.9878325462341309
60,0,left_knee,522.7310180664062,978.0343627929688,0.9296693205833435
60,0,right_knee,533.97509765625,1006.4768676757812,0.9759693741798401
60,0,left_ankle,397.238525390625,1193.773193359375,0.7909858822822571
60,0,right_ankle,412.2872619628906,1238.4158935546875,0.8656430244445801
61,0,nose,567.5596923828125,636.8217163085938,0.9485191106796265
61,0,left_eye,558.2241821289062,616.4439086914062,0.29919901490211487
61,0,right_eye,547.921875,620.7330932617188,0.9710370898246765
61,0,left_ear,500.25830078125,620.1007690429688,0.02984704077243805
61,0,right_ear,482.3262023925781,638.1361694335938,0.9703307151794434
61,0,left_shoulder,446.2309265136719,716.22509765625,0.9635068774223328
61,0,right_shoulder,470.3429260253906,734.9358520507812,0.9916322827339172
61,0,left_elbow,541.01416015625,789.4814453125,0.7247377634048462
61,0,right_elbow,628.8424072265625,813.1397094726562,0.9822041392326355
61,0,left_wrist,666.4403686523438,848.6790771484375,0.7682986855506897
61,0,right_wrist,795.2532348632812,833.20947265625,0.9703282713890076
61,0,left_hip,327.3376159667969,977.4019775390625,0.9709699153900146
61,0,right_hip,338.0869445800781,991.7980346679688,0.9876985549926758
61,0,left_knee,522.8458862304688,977.8040771484375,0.929017186164856
61,0,right_knee,533.8318481445312,1006.3063354492188,0.9757166504859924
61,0,left_ankle,397.01715087890625,1193.763916015625,0.7895493507385254
61,0,right_ankle,412.1352233886719,1238.484130859375,0.8645216822624207
62,0,nose,569.5135498046875,622.5477294921875,0.930049479007721
62,0,left_eye,559.0867309570312,602.2922973632812,0.22411805391311646
62,0,right_eye,551.0992431640625,606.05712890625,0.9630838632583618
62,0,left_ear,496.6929016113281,605.2084350585938,0.023745056241750717
62,0,right_ear,484.50006103515625,621.6005249023438,0.9703747034072876
62,0,left_shoulder,443.7586975097656,701.9578247070312,0.9567012190818787
62,0,right_shoulder,471.33868408203125,718.7869262695312,0.9912130236625671
62,0,left_elbow,537.5528564453125,775.9768676757812,0.6775535345077515
62,0,right_elbow,624.682861328125,796.1486206054688,0.9818795323371887
62,0,left_wrist,675.9642944335938,843.759033203125,0.7179068326950073
62,0,right_wrist,788.9710083007812,827.6285400390625,0.967156171798706
62,0,left_hip,332.4835510253906,965.08154296875,0.9711233377456665
62,0,right_hip,346.1078796386719,978.9406127929688,0.9887085556983948
62,0,left_knee,518.5301513671875,978.3588256835938,0.9307789206504822
62,0,right_knee,531.8705444335938,1006.4473876953125,0.9779524207115173
62,0,left_ankle,387.5672607421875,1192.316650390625,0.7970609068870544
62,0,right_ankle,405.552490234375,1237.25439453125,0.8745644688606262
63,0,nose,569.6370849609375,622.5391845703125,0.9309641718864441
63,0,left_eye,559.20361328125,602.2744750976562,0.22685877978801727
63,0,right_eye,551.1041870117188,606.1468505859375,0.9636371731758118
63,0,left_ear,496.9062194824219,605.1426391601562,0.023855263367295265
63,0,right_ear,484.3660888671875,621.7875366210938,0.9705497622489929
63,0,left_shoulder,444.1108703613281,701.500732421875,0.9568836092948914
63,0,right_shoulder,471.1028747558594,718.7652587890625,0.9912257790565491
63,0,left_elbow,538.4498901367188,775.1296997070312,0.6775546669960022
63,0,right_elbow,624.8056030273438,796.0289916992188,0.9818222522735596
63,0,left_wrist,677.4717407226562,843.2083129882812,0.7172897458076477
63,0,right_wrist,789.373779296875,827.535400390625,0.9669787287712097
63,0,left_hip,332.7882995605469,964.4660034179688,0.9712616205215454
63,0,right_hip,346.06884765625,978.5064697265625,0.9887434244155884
63,0,left_knee,518.4375,978.2950439453125,0.9310612082481384
63,0,right_knee,531.4796142578125,1006.6869506835938,0.9780088663101196
63,0,left_ankle,387.2617492675781,1192.1376953125,0.7978750467300415
63,0,right_ankle,405.25164794921875,1237.3817138671875,0.8749648332595825
64,0,nose,569.6112670898438,622.683349609375,0.9308270812034607
64,0,left_eye,559.195556640625,602.3385620117188,0.22582793235778809
64,0,right_eye,551.1181640625,606.1971435546875,0.9635940790176392
64,0,left_ear,497.02166748046875,605.0234375,0.023521840572357178
64,0,right_ear,484.355224609375,621.5546875,0.9704392552375793
64,0,left_shoulder,444.5033874511719,701.4807739257812,0.9566301107406616
64,0,right_shoulder,470.7442932128906,718.7677001953125,0.9912176728248596
64,0,left_elbow,539.1914672851562,775.0110473632812,0.6775209903717041
64,0,right_elbow,624.4408569335938,796.1004028320312,0.9819207787513733
64,0,left_wrist,678.3849487304688,843.1439819335938,0.7183967232704163
64,0,right_wrist,789.09423828125,827.5841674804688,0.9672831296920776
64,0,left_hip,333.4378662109375,964.8408203125,0.9713323712348938
64,0,right_hip,346.21575927734375,978.9341430664062,0.9887958765029907
64,0,left_knee,519.0916137695312,978.2598876953125,0.9314153790473938
64,0,right_knee,531.5288696289062,1006.7313232421875,0.9781624674797058
64,0,left_ankle,387.95245361328125,1192.1378173828125,0.7987979054450989
64,0,right_ankle,405.746337890625,1237.3306884765625,0.87569659948349
65,0,nose,566.139404296875,609.708740234375,0.9336302280426025
65,0,left_eye,556.5826416015625,587.9415283203125,0.25440409779548645
65,0,right_eye,549.093505859375,592.595458984375,0.9633598327636719
65,0,left_ear,495.29791259765625,586.6557006835938,0.03357936069369316
65,0,right_ear,486.265625,604.2650146484375,0.9696210622787476
65,0,left_shoulder,441.229248046875,680.4647216796875,0.9613358378410339
65,0,right_shoulder,471.5917663574219,702.8040161132812,0.9923264980316162
65,0,left_elbow,545.5864868164062,747.65283203125,0.6936807632446289
65,0,right_elbow,623.4027099609375,780.7404174804688,0.9830493927001953
65,0,left_wrist,703.4044189453125,816.506591796875,0.7304871678352356
65,0,right_wrist,791.3447875976562,813.9600830078125,0.9678433537483215
65,0,left_hip,325.3897705078125,943.2997436523438,0.9740720391273499
65,0,right_hip,341.6427307128906,959.6878051757812,0.9898585677146912
65,0,left_knee,513.6195678710938,974.6691284179688,0.9349398016929626
65,0,right_knee,529.1497802734375,1006.361328125,0.9794312119483948
65,0,left_ankle,386.185546875,1189.1622314453125,0.798193633556366
65,0,right_ankle,404.7908630371094,1237.0211181640625,0.8767237663269043
66,0,nose,569.1329956054688,594.6185302734375,0.9634949564933777
66,0,left_eye,562.9398193359375,571.197998046875,0.37826940417289734
66,0,right_eye,548.7613525390625,575.8418579101562,0.9813530445098877
66,0,left_ear,508.93212890625,569.29052734375,0.0297193955630064
66,0,right_ear,480.8472595214844,585.8466796875,0.9751195311546326
66,0,left_shoulder,453.27264404296875,663.4279174804688,0.9613931179046631
66,0,right_shoulder,468.35693359375,686.387451171875,0.9908173084259033
66,0,left_elbow,561.5748901367188,728.2772216796875,0.6669350862503052
66,0,right_elbow,633.4667358398438,766.3505249023438,0.977421760559082
66,0,left_wrist,713.9603881835938,793.4281005859375,0.7027453780174255
66,0,right_wrist,795.1104736328125,796.942138671875,0.9599769711494446
66,0,left_hip,332.239013671875,936.6033325195312,0.9677873849868774
66,0,right_hip,337.5691223144531,952.6460571289062,0.9862789511680603
66,0,left_knee,524.3590087890625,968.674560546875,0.9267148375511169
66,0,right_knee,529.2831420898438,999.9605712890625,0.9751195311546326
66,0,left_ankle,384.40838623046875,1185.862060546875,0.7920154333114624
66,0,right_ankle,397.6833190917969,1231.2449951171875,0.8655147552490234
67,0,nose,568.976806640625,594.642333984375,0.9638481736183167
67,0,left_eye,562.870849609375,571.1808471679688,0.38178807497024536
67,0,right_eye,548.6900634765625,575.7782592773438,0.9815152883529663
67,0,left_ear,508.81280517578125,569.1138305664062,0.030180219560861588
67,0,right_ear,480.7920227050781,585.5616455078125,0.9751017093658447
67,0,left_shoulder,452.79669189453125,663.184814453125,0.9614230990409851
67,0,right_shoulder,468.29193115234375,686.1572265625,0.9908061623573303
67,0,left_elbow,561.4932861328125,728.1094360351562,0.6663388609886169
67,0,right_elbow,633.3285522460938,766.1871337890625,0.9772754311561584
67,0,left_wrist,714.9234008789062,793.6409301757812,0.7024968266487122
67,0,right_wrist,795.282958984375,796.9039916992188,0.9597666263580322
67,0,left_hip,331.88037109375,936.1549072265625,0.9674665331840515
67,0,right_hip,337.4985656738281,952.2274780273438,0.9861168265342712
67,0,left_knee,524.0889282226562,968.47314453125,0.9261582493782043
67,0,right_knee,529.219970703125,999.727294921875,0.9748752117156982
67,0,left_ankle,384.7899475097656,1185.7537841796875,0.7908731698989868
67,0,right_ankle,398.00653076171875,1230.92822265625,0.8645948767662048
68,0,nose,564.0570678710938,577.6203002929688,0.9688789248466492
68,0,left_eye,561.0956420898438,556.3770751953125,0.46835964918136597
68,0,right_eye,544.6410522460938,560.140625,0.9837747812271118
68,0,left_ear,508.7088928222656,559.5291137695312,0.04503299295902252
68,0,right_ear,479.7428283691406,573.7296752929688,0.9706116318702698
68,0,left_shoulder,436.25823974609375,648.2827758789062,0.9580590724945068
68,0,right_shoulder,474.7247619628906,672.073486328125,0.9901552200317383
68,0,left_elbow,535.130615234375,713.456787109375,0.6672654747962952
68,0,right_elbow,635.667724609375,757.0076293945312,0.97651606798172
68,0,left_wrist,692.3545532226562,773.2948608398438,0.7128875255584717
68,0,right_wrist,796.8709716796875,781.6665649414062,0.960056722164154
68,0,left_hip,319.3044738769531,904.5062255859375,0.9677602648735046
68,0,right_hip,340.0948181152344,921.731201171875,0.9861326217651367
68,0,left_knee,531.7781372070312,966.731201171875,0.9499342441558838
68,0,right_knee,553.015625,995.9453125,0.9835837483406067
68,0,left_ankle,397.3224792480469,1186.669677734375,0.8659065365791321
68,0,right_ankle,406.6631774902344,1225.4361572265625,0.919165313243866
69,0,nose,563.7715454101562,577.18603515625,0.9691118597984314
69,0,left_eye,560.788818359375,556.0632934570312,0.47287681698799133
69,0,right_eye,544.398681640625,559.78955078125,0.9838047623634338
69,0,left_ear,508.29986572265625,559.44287109375,0.046532705426216125
69,0,right_ear,479.69549560546875,573.6433715820312,0.9706531763076782
69,0,left_shoulder,435.67364501953125,648.3216552734375,0.9586726427078247
69,0,right_shoulder,474.78326416015625,672.1112670898438,0.9902645349502563
69,0,left_elbow,534.3090209960938,713.6299438476562,0.6689189076423645
69,0,right_elbow,635.3920288085938,757.0177612304688,0.976496160030365
69,0,left_wrist,691.5538330078125,774.2155151367188,0.7130621075630188
69,0,right_wrist,796.7618408203125,781.8782348632812,0.9598260521888733
69,0,left_hip,318.50238037109375,904.6282958984375,0.9679481983184814
69,0,right_hip,339.7800598144531,921.8323364257812,0.9861823320388794
69,0,left_knee,530.6677856445312,967.0098876953125,0.9500278234481812
69,0,right_knee,552.6619873046875,996.197509765625,0.9835789203643799
69,0,left_ankle,396.59686279296875,1186.9278564453125,0.8660470843315125
69,0,right_ankle,406.53857421875,1225.610107421875,0.9192097783088684
70,0,nose,563.86962890625,577.0948486328125,0.96845543384552
70,0,left_eye,560.7793579101562,555.9480590820312,0.46641799807548523
70,0,right_eye,544.4515991210938,559.8032836914062,0.9834710955619812
70,0,left_ear,508.13629150390625,559.2891845703125,0.045941904187202454
70,0,right_ear,479.70501708984375,573.801025390625,0.9706302881240845
70,0,left_shoulder,435.59478759765625,648.0350341796875,0.9586398005485535
70,0,right_shoulder,474.9529724121094,672.0634155273438,0.9903036952018738
70,0,left_elbow,533.02197265625,713.5556030273438,0.6700562238693237
70,0,right_elbow,635.4340209960938,757.0241088867188,0.9767042398452759
70,0,left_wrist,688.5382080078125,774.2534790039062,0.7137587070465088
70,0,right_wrist,796.5081176757812,781.9129638671875,0.9601119756698608
70,0,left_hip,318.8318176269531,903.9764404296875,0.968451976776123
70,0,right_hip,340.2129821777344,921.259033203125,0.9864336252212524
70,0,left_knee,530.7589721679688,966.8635864257812,0.9507713317871094
70,0,right_knee,552.7728881835938,996.1748657226562,0.9838569164276123
70,0,left_ankle,396.6653137207031,1186.380126953125,0.8674733638763428
70,0,right_ankle,406.5855712890625,1225.365234375,0.9202058911323547
71,0,nose,564.5580444335938,558.654296875,0.9461371302604675
71,0,left_eye,558.5084228515625,535.7169799804688,0.2930144667625427
71,0,right_eye,546.5000610351562,540.0126342773438,0.9728050827980042
71,0,left_ear,503.08984375,534.3558959960938,0.029948728159070015
71,0,right_ear,483.12310791015625,549.8124389648438,0.9711167812347412
71,0,left_shoulder,442.20245361328125,628.9600219726562,0.9519349932670593
71,0,right_shoulder,478.5601501464844,650.65966796875,0.9908374547958374
71,0,left_elbow,547.827392578125,694.0233154296875,0.6281903982162476
71,0,right_elbow,641.6099853515625,730.5843505859375,0.97967529296875
71,0,left_wrist,697.2251586914062,762.336181640625,0.6768545508384705
71,0,right_wrist,806.973388671875,769.755126953125,0.9621331691741943
71,0,left_hip,327.51605224609375,895.9271240234375,0.9710516929626465
71,0,right_hip,345.6094055175781,910.955810546875,0.9890430569648743
71,0,left_knee,521.7692260742188,969.11279296875,0.938538134098053
71,0,right_knee,540.195068359375,996.38134765625,0.9814852476119995
71,0,left_ankle,395.30450439453125,1187.9862060546875,0.8127158284187317
71,0,right_ankle,401.84429931640625,1228.2635498046875,0.8890821933746338
72,0,nose,564.5521850585938,558.6417846679688,0.9460863471031189
72,0,left_eye,558.5066528320312,535.6945190429688,0.29349425435066223
72,0,right_eye,546.503662109375,540.0066528320312,0.9727651476860046
72,0,left_ear,503.05712890625,534.294677734375,0.03019820712506771
72,0,right_ear,483.1581726074219,549.8077392578125,0.9711546897888184
72,0,left_shoulder,442.10443115234375,628.8753662109375,0.952028214931488
72,0,right_shoulder,478.5592041015625,650.6436157226562,0.9908590912818909
72,0,left_elbow,547.238525390625,694.0263671875,0.6278544664382935
72,0,right_elbow,641.176025390625,730.6185913085938,0.9796301126480103
72,0,left_wrist,696.2235717773438,762.47607421875,0.6760291457176208
72,0,right_wrist,806.8035888671875,769.6425170898438,0.9619900584220886
72,0,left_hip,327.4947509765625,895.7246704101562,0.9710392355918884
72,0,right_hip,345.649658203125,910.7889404296875,0.9890384674072266
72,0,left_knee,521.65283203125,969.096435546875,0.9385372996330261
72,0,right_knee,540.1104736328125,996.4191284179688,0.9814813137054443
72,0,left_ankle,395.2405090332031,1187.9317626953125,0.8128283619880676
72,0,right_ankle,401.7275390625,1228.263916015625,0.8891642093658447
73,0,nose,566.4867553710938,541.3770141601562,0.9354171752929688
73,0,left_eye,562.0794067382812,518.9531860351562,0.25392383337020874
73,0,right_eye,547.8779907226562,522.6071166992188,0.9676494002342224
73,0,left_ear,510.35382080078125,518.9453735351562,0.023300528526306152
73,0,right_ear,483.947998046875,531.6007080078125,0.9661416411399841
73,0,left_shoulder,447.44781494140625,613.2362670898438,0.9385237693786621
73,0,right_shoulder,478.47369384765625,627.502197265625,0.9893246293067932
73,0,left_elbow,531.8724365234375,685.3757934570312,0.6098784804344177
73,0,right_elbow,640.47802734375,706.9107666015625,0.9801280498504639
73,0,left_wrist,659.9740600585938,756.712158203125,0.6684219241142273
73,0,right_wrist,800.0092163085938,753.0564575195312,0.9641982913017273
73,0,left_hip,334.8910217285156,880.9384155273438,0.9711568355560303
73,0,right_hip,347.9402770996094,892.9580078125,0.9896537661552429
73,0,left_knee,526.8046875,967.2962036132812,0.9403947591781616
73,0,right_knee,539.3641357421875,990.811767578125,0.9828459620475769
73,0,left_ankle,400.28936767578125,1185.4737548828125,0.8150889873504639
73,0,right_ankle,401.8816833496094,1224.1448974609375,0.8939884305000305
74,0,nose,566.5374145507812,541.2819213867188,0.9354119896888733
74,0,left_eye,562.1369018554688,518.8884887695312,0.2543395459651947
74,0,right_eye,547.9585571289062,522.5311279296875,0.9676395058631897
74,0,left_ear,510.32720947265625,518.9089965820312,0.023494476452469826
74,0,right_ear,484.05938720703125,531.5742797851562,0.9662153124809265
74,0,left_shoulder,447.2187805175781,613.0794067382812,0.9386840462684631
74,0,right_shoulder,478.65435791015625,627.5357055664062,0.9893620610237122
74,0,left_elbow,531.271484375,685.258544921875,0.6096774935722351
74,0,right_elbow,640.7346801757812,707.180908203125,0.9800965189933777
74,0,left_wrist,658.9705810546875,756.5531005859375,0.6675282716751099
74,0,right_wrist,800.1300659179688,753.094970703125,0.9640318751335144
74,0,left_hip,334.7772521972656,880.6608276367188,0.971221387386322
74,0,right_hip,348.0740051269531,892.7344360351562,0.9896767735481262
74,0,left_knee,526.5719604492188,967.336669921875,0.9405854940414429
74,0,right_knee,539.3432006835938,990.8820190429688,0.9828971028327942
74,0,left_ankle,400.2765197753906,1185.5340576171875,0.81570965051651
74,0,right_ankle,401.9657897949219,1224.082275390625,0.8943734765052795
75,0,nose,560.344482421875,518.732666015625,0.940214216709137
75,0,left_eye,554.7130737304688,496.8078308105469,0.2717379331588745
75,0,right_eye,542.447021484375,500.2800598144531,0.9690742492675781
75,0,left_ear,500.6014404296875,497.3415222167969,0.025350531563162804
75,0,right_ear,478.35211181640625,509.3067626953125,0.965822160243988
75,0,left_shoulder,437.97698974609375,593.6273803710938,0.9429487586021423
75,0,right_shoulder,470.26025390625,608.6436157226562,0.9901885390281677
75,0,left_elbow,529.2186889648438,663.7102661132812,0.6359192728996277
75,0,right_elbow,632.693603515625,687.1932373046875,0.9820241928100586
75,0,left_wrist,671.0497436523438,739.2783813476562,0.6976230144500732
75,0,right_wrist,796.2692260742188,731.9096069335938,0.9683051705360413
75,0,left_hip,330.4645080566406,866.0673217773438,0.9746956825256348
75,0,right_hip,345.1175537109375,879.2857666015625,0.9909451007843018
75,0,left_knee,520.4835815429688,962.248779296875,0.9477343559265137
75,0,right_knee,535.3078002929688,987.8313598632812,0.9850139021873474
75,0,left_ankle,397.153076171875,1183.618896484375,0.8264946341514587
75,0,right_ankle,402.0717468261719,1223.2197265625,0.9012976288795471
76,0,nose,560.2766723632812,518.5927734375,0.9397866725921631
76,0,left_eye,554.5819702148438,496.7142333984375,0.2708558142185211
76,0,right_eye,542.3759155273438,500.24169921875,0.9687652587890625
76,0,left_ear,500.4244079589844,497.3188781738281,0.02560056559741497
76,0,right_ear,478.3988342285156,509.4371337890625,0.9658343195915222
76,0,left_shoulder,437.95501708984375,593.4955444335938,0.9434658885002136
76,0,right_shoulder,470.2711486816406,608.675048828125,0.9902870655059814
76,0,left_elbow,528.6925659179688,663.503662109375,0.6383494734764099
76,0,right_elbow,632.2842407226562,687.1887817382812,0.9821817278862
76,0,left_wrist,670.147705078125,739.4640502929688,0.6989752650260925
76,0,right_wrist,796.104736328125,732.029296875,0.9684786796569824
76,0,left_hip,330.6279296875,865.895751953125,0.9750567078590393
76,0,right_hip,345.295654296875,879.2006225585938,0.9910756349563599
76,0,left_knee,520.58544921875,962.3784790039062,0.9481464624404907
76,0,right_knee,535.35009765625,988.1268920898438,0.9851351380348206
76,0,left_ankle,397.171630859375,1183.51953125,0.8271017074584961
76,0,right_ankle,401.9282531738281,1223.3707275390625,0.9017086029052734
77,0,nose,563.739013671875,497.85791015625,0.9705132246017456
77,0,left_eye,560.2671508789062,476.54437255859375,0.4224076271057129
77,0,right_eye,542.0975341796875,480.2695007324219,0.9851154685020447
77,0,left_ear,513.824462890625,481.9444580078125,0.02431812696158886
77,0,right_ear,473.04998779296875,493.8167724609375,0.9731003642082214
77,0,left_shoulder,459.21197509765625,580.5116577148438,0.955009400844574
77,0,right_shoulder,463.1324157714844,592.9622192382812,0.9902793765068054
77,0,left_elbow,565.8707275390625,649.2437133789062,0.6756536960601807
77,0,right_elbow,631.0521240234375,672.0719604492188,0.9808660745620728
77,0,left_wrist,718.8179321289062,705.2119750976562,0.7349656224250793
77,0,right_wrist,799.826904296875,706.2405395507812,0.9687573909759521
77,0,left_hip,349.6380615234375,854.032958984375,0.9758272171020508
77,0,right_hip,346.83966064453125,866.1685180664062,0.9903885722160339
77,0,left_knee,529.6363525390625,961.667724609375,0.9491576552391052
77,0,right_knee,532.954345703125,986.5816040039062,0.9838587641716003
77,0,left_ankle,399.3152160644531,1184.324462890625,0.8215360641479492
77,0,right_ankle,401.610595703125,1225.3160400390625,0.8901220560073853
78,0,nose,563.7341918945312,497.8280944824219,0.9704511761665344
78,0,left_eye,560.1708374023438,476.4836120605469,0.42201727628707886
78,0,right_eye,542.1276245117188,480.2235412597656,0.9850761294364929
78,0,left_ear,513.468994140625,481.7893981933594,0.02450444921851158
78,0,right_ear,473.10821533203125,493.7435302734375,0.9731736779212952
78,0,left_shoulder,458.6097106933594,580.4678955078125,0.9551919102668762
78,0,right_shoulder,463.4312438964844,593.1007080078125,0.9903371334075928
78,0,left_elbow,565.3446044921875,649.1617431640625,0.6756464838981628
78,0,right_elbow,631.2723999023438,672.257080078125,0.9808998107910156
78,0,left_wrist,718.6248168945312,705.3726806640625,0.7347317934036255
78,0,right_wrist,799.7841796875,706.5139770507812,0.9687566161155701
78,0,left_hip,349.1947021484375,854.0984497070312,0.9759195446968079
78,0,right_hip,346.985595703125,866.3119506835938,0.9904312491416931
78,0,left_knee,529.4161376953125,961.5713500976562,0.949462354183197
78,0,right_knee,533.1460571289062,986.5596313476562,0.9839709401130676
78,0,left_ankle,399.31134033203125,1184.189208984375,0.8226695656776428
78,0,right_ankle,401.51409912109375,1225.216064453125,0.8909439444541931
79,0,nose,555.1945190429688,479.26678466796875,0.9758089780807495
79,0,left_eye,553.1885375976562,456.5816345214844,0.5536348819732666
79,0,right_eye,534.8286743164062,461.13165283203125,0.9848694801330566
79,0,left_ear,508.1747131347656,458.6751708984375,0.06252644956111908
79,0,right_ear,472.0828857421875,472.3241271972656,0.971262514591217
79,0,left_shoulder,453.3980712890625,556.0350341796875,0.9739364385604858
79,0,right_shoulder,464.21673583984375,573.872314453125,0.9932222366333008
79,0,left_elbow,563.275390625,644.393798828125,0.786928653717041
79,0,right_elbow,617.6835327148438,679.7161254882812,0.9840809106826782
79,0,left_wrist,745.2486572265625,690.4999389648438,0.8191545605659485
79,0,right_wrist,794.4429931640625,705.736328125,0.9728195071220398
79,0,left_hip,359.5141296386719,824.4552001953125,0.9818960428237915
79,0,right_hip,363.3798828125,840.7645263671875,0.9918547868728638
79,0,left_knee,532.7015991210938,960.1565551757812,0.9653548002243042
79,0,right_knee,539.703857421875,990.1505126953125,0.9876319766044617
79,0,left_ankle,422.0145568847656,1184.462158203125,0.8597092628479004
79,0,right_ankle,419.2854919433594,1230.3677978515625,0.9107238054275513
80,0,nose,555.2200317382812,479.39898681640625,0.9755914211273193
80,0,left_eye,553.1710815429688,456.6669006347656,0.5514809489250183
80,0,right_eye,534.943603515625,461.25189208984375,0.9847723245620728
80,0,left_ear,507.8070373535156,458.5489807128906,0.06279779970645905
80,0,right_ear,472.205322265625,472.3283386230469,0.9712850451469421
80,0,left_shoulder,452.6112976074219,555.7096557617188,0.9737964868545532
80,0,right_shoulder,464.34527587890625,573.846923828125,0.9932223558425903
80,0,left_elbow,562.1616821289062,644.31494140625,0.7852491736412048
80,0,right_elbow,617.8751220703125,679.8257446289062,0.9840216040611267
80,0,left_wrist,744.3522338867188,690.687744140625,0.8173506855964661
80,0,right_wrist,794.4373168945312,705.5888671875,0.972601592540741
80,0,left_hip,358.773681640625,824.4149780273438,0.9818005561828613
80,0,right_hip,363.2341003417969,840.8536376953125,0.9918293356895447
80,0,left_knee,532.328369140625,960.0830078125,0.9652734994888306
80,0,right_knee,539.6804809570312,990.2163696289062,0.9876281023025513
80,0,left_ankle,421.9084167480469,1184.5582275390625,0.8598542213439941
80,0,right_ankle,419.3857116699219,1230.5048828125,0.9109441041946411
